2025-05-20T14:54:45.127Z  INFO 4040 --- [restartedMain] c.i.covid.InventarioCovidApplication     : Starting InventarioCovidApplication using Java 21.0.3 with PID 4040 (/home/user/CovidInventory/build/classes/java/main started by user in /home/user/CovidInventory)
2025-05-20T14:54:45.230Z  INFO 4040 --- [restartedMain] c.i.covid.InventarioCovidApplication     : No active profile set, falling back to 1 default profile: "default"
2025-05-20T14:54:45.646Z  INFO 4040 --- [restartedMain] .e.DevToolsPropertyDefaultsPostProcessor : Devtools property defaults active! Set 'spring.devtools.add-properties' to 'false' to disable
2025-05-20T14:54:45.802Z  INFO 4040 --- [restartedMain] .s.b.d.c.l.DockerComposeLifecycleManager : Using Docker Compose file '/home/user/CovidInventory/compose.yaml'
2025-05-20T14:54:46.689Z ERROR 4040 --- [restartedMain] o.s.boot.SpringApplication               : Application run failed

org.springframework.boot.docker.compose.core.DockerProcessStartException: Unable to start docker process. Is docker correctly installed?
	at org.springframework.boot.docker.compose.core.DockerCli$DockerCommands.getDockerCommand(DockerCli.java:140) ~[spring-boot-docker-compose-3.2.1.jar:3.2.1]
	at org.springframework.boot.docker.compose.core.DockerCli$DockerCommands.<init>(DockerCli.java:129) ~[spring-boot-docker-compose-3.2.1.jar:3.2.1]
	at org.springframework.boot.docker.compose.core.DockerCli.lambda$new$0(DockerCli.java:65) ~[spring-boot-docker-compose-3.2.1.jar:3.2.1]
	at java.base/java.util.HashMap.computeIfAbsent(HashMap.java:1228) ~[na:na]
	at org.springframework.boot.docker.compose.core.DockerCli.<init>(DockerCli.java:64) ~[spring-boot-docker-compose-3.2.1.jar:3.2.1]
	at org.springframework.boot.docker.compose.core.DockerCompose.get(DockerCompose.java:92) ~[spring-boot-docker-compose-3.2.1.jar:3.2.1]
	at org.springframework.boot.docker.compose.lifecycle.DockerComposeLifecycleManager.getDockerCompose(DockerComposeLifecycleManager.java:154) ~[spring-boot-docker-compose-3.2.1.jar:3.2.1]
	at org.springframework.boot.docker.compose.lifecycle.DockerComposeLifecycleManager.start(DockerComposeLifecycleManager.java:110) ~[spring-boot-docker-compose-3.2.1.jar:3.2.1]
	at org.springframework.boot.docker.compose.lifecycle.DockerComposeListener.onApplicationEvent(DockerComposeListener.java:53) ~[spring-boot-docker-compose-3.2.1.jar:3.2.1]
	at org.springframework.boot.docker.compose.lifecycle.DockerComposeListener.onApplicationEvent(DockerComposeListener.java:35) ~[spring-boot-docker-compose-3.2.1.jar:3.2.1]
	at org.springframework.context.event.SimpleApplicationEventMulticaster.doInvokeListener(SimpleApplicationEventMulticaster.java:178) ~[spring-context-6.1.2.jar:6.1.2]
	at org.springframework.context.event.SimpleApplicationEventMulticaster.invokeListener(SimpleApplicationEventMulticaster.java:171) ~[spring-context-6.1.2.jar:6.1.2]
	at org.springframework.context.event.SimpleApplicationEventMulticaster.multicastEvent(SimpleApplicationEventMulticaster.java:149) ~[spring-context-6.1.2.jar:6.1.2]
	at org.springframework.context.event.SimpleApplicationEventMulticaster.multicastEvent(SimpleApplicationEventMulticaster.java:137) ~[spring-context-6.1.2.jar:6.1.2]
	at org.springframework.boot.context.event.EventPublishingRunListener.multicastInitialEvent(EventPublishingRunListener.java:136) ~[spring-boot-3.2.1.jar:3.2.1]
	at org.springframework.boot.context.event.EventPublishingRunListener.contextLoaded(EventPublishingRunListener.java:98) ~[spring-boot-3.2.1.jar:3.2.1]
	at org.springframework.boot.SpringApplicationRunListeners.lambda$contextLoaded$4(SpringApplicationRunListeners.java:72) ~[spring-boot-3.2.1.jar:3.2.1]
	at java.base/java.lang.Iterable.forEach(Iterable.java:75) ~[na:na]
	at org.springframework.boot.SpringApplicationRunListeners.doWithListeners(SpringApplicationRunListeners.java:118) ~[spring-boot-3.2.1.jar:3.2.1]
	at org.springframework.boot.SpringApplicationRunListeners.doWithListeners(SpringApplicationRunListeners.java:112) ~[spring-boot-3.2.1.jar:3.2.1]
	at org.springframework.boot.SpringApplicationRunListeners.contextLoaded(SpringApplicationRunListeners.java:72) ~[spring-boot-3.2.1.jar:3.2.1]
	at org.springframework.boot.SpringApplication.prepareContext(SpringApplication.java:440) ~[spring-boot-3.2.1.jar:3.2.1]
	at org.springframework.boot.SpringApplication.run(SpringApplication.java:333) ~[spring-boot-3.2.1.jar:3.2.1]
	at org.springframework.boot.SpringApplication.run(SpringApplication.java:1358) ~[spring-boot-3.2.1.jar:3.2.1]
	at org.springframework.boot.SpringApplication.run(SpringApplication.java:1347) ~[spring-boot-3.2.1.jar:3.2.1]
	at com.inventario.covid.InventarioCovidApplication.main(InventarioCovidApplication.java:12) ~[main/:na]
	at java.base/jdk.internal.reflect.DirectMethodHandleAccessor.invoke(DirectMethodHandleAccessor.java:103) ~[na:na]
	at java.base/java.lang.reflect.Method.invoke(Method.java:580) ~[na:na]
	at org.springframework.boot.devtools.restart.RestartLauncher.run(RestartLauncher.java:50) ~[spring-boot-devtools-3.2.1.jar:3.2.1]
Caused by: org.springframework.boot.docker.compose.core.ProcessStartException: Unable to start command docker version --format {{.Client.Version}}
	at org.springframework.boot.docker.compose.core.ProcessRunner.startProcess(ProcessRunner.java:115) ~[spring-boot-docker-compose-3.2.1.jar:3.2.1]
	at org.springframework.boot.docker.compose.core.ProcessRunner.run(ProcessRunner.java:87) ~[spring-boot-docker-compose-3.2.1.jar:3.2.1]
	at org.springframework.boot.docker.compose.core.ProcessRunner.run(ProcessRunner.java:74) ~[spring-boot-docker-compose-3.2.1.jar:3.2.1]
	at org.springframework.boot.docker.compose.core.DockerCli$DockerCommands.getDockerCommand(DockerCli.java:135) ~[spring-boot-docker-compose-3.2.1.jar:3.2.1]
	... 28 common frames omitted
Caused by: java.io.IOException: Cannot run program "docker": error=2, No such file or directory
	at java.base/java.lang.ProcessBuilder.start(ProcessBuilder.java:1170) ~[na:na]
	at java.base/java.lang.ProcessBuilder.start(ProcessBuilder.java:1089) ~[na:na]
	at org.springframework.boot.docker.compose.core.ProcessRunner.startProcess(ProcessRunner.java:105) ~[spring-boot-docker-compose-3.2.1.jar:3.2.1]
	... 31 common frames omitted
Caused by: java.io.IOException: error=2, No such file or directory
	at java.base/java.lang.ProcessImpl.forkAndExec(Native Method) ~[na:na]
	at java.base/java.lang.ProcessImpl.<init>(ProcessImpl.java:295) ~[na:na]
	at java.base/java.lang.ProcessImpl.start(ProcessImpl.java:225) ~[na:na]
	at java.base/java.lang.ProcessBuilder.start(ProcessBuilder.java:1126) ~[na:na]
	... 33 common frames omitted

2025-05-20T15:18:51.881Z  INFO 5881 --- [restartedMain] c.i.covid.InventarioCovidApplication     : Starting InventarioCovidApplication using Java 21.0.3 with PID 5881 (/home/user/CovidInventory/build/classes/java/main started by user in /home/user/CovidInventory)
2025-05-20T15:18:51.920Z  INFO 5881 --- [restartedMain] c.i.covid.InventarioCovidApplication     : No active profile set, falling back to 1 default profile: "default"
2025-05-20T15:18:52.065Z  INFO 5881 --- [restartedMain] .e.DevToolsPropertyDefaultsPostProcessor : Devtools property defaults active! Set 'spring.devtools.add-properties' to 'false' to disable
2025-05-20T15:18:52.171Z  INFO 5881 --- [restartedMain] .s.b.d.c.l.DockerComposeLifecycleManager : Using Docker Compose file '/home/user/CovidInventory/compose.yaml'
2025-05-20T15:18:55.188Z  INFO 5881 --- [OutputReader-stderr] o.s.boot.docker.compose.core.DockerCli   : time="2025-05-20T15:18:55Z" level=warning msg="/home/user/CovidInventory/compose.yaml: `version` is obsolete"
2025-05-20T15:18:55.252Z  INFO 5881 --- [OutputReader-stderr] o.s.boot.docker.compose.core.DockerCli   :  postgres Pulling 
2025-05-20T15:18:57.859Z  INFO 5881 --- [OutputReader-stderr] o.s.boot.docker.compose.core.DockerCli   :  254e724d7786 Pulling fs layer 
2025-05-20T15:18:57.863Z  INFO 5881 --- [OutputReader-stderr] o.s.boot.docker.compose.core.DockerCli   :  074b41e8190f Pulling fs layer 
2025-05-20T15:18:57.870Z  INFO 5881 --- [OutputReader-stderr] o.s.boot.docker.compose.core.DockerCli   :  bb26461722d7 Pulling fs layer 
2025-05-20T15:18:57.871Z  INFO 5881 --- [OutputReader-stderr] o.s.boot.docker.compose.core.DockerCli   :  0ddf304e15c0 Pulling fs layer 
2025-05-20T15:18:57.871Z  INFO 5881 --- [OutputReader-stderr] o.s.boot.docker.compose.core.DockerCli   :  693761670bfc Pulling fs layer 
2025-05-20T15:18:57.871Z  INFO 5881 --- [OutputReader-stderr] o.s.boot.docker.compose.core.DockerCli   :  fb0c607b2495 Pulling fs layer 
2025-05-20T15:18:57.871Z  INFO 5881 --- [OutputReader-stderr] o.s.boot.docker.compose.core.DockerCli   :  f438059a5a57 Pulling fs layer 
2025-05-20T15:18:57.871Z  INFO 5881 --- [OutputReader-stderr] o.s.boot.docker.compose.core.DockerCli   :  64d10e07b30c Pulling fs layer 
2025-05-20T15:18:57.872Z  INFO 5881 --- [OutputReader-stderr] o.s.boot.docker.compose.core.DockerCli   :  877e6448d55b Pulling fs layer 
2025-05-20T15:18:57.878Z  INFO 5881 --- [OutputReader-stderr] o.s.boot.docker.compose.core.DockerCli   :  e023e132da3e Pulling fs layer 
2025-05-20T15:18:57.878Z  INFO 5881 --- [OutputReader-stderr] o.s.boot.docker.compose.core.DockerCli   :  3ee9d9321249 Pulling fs layer 
2025-05-20T15:18:57.879Z  INFO 5881 --- [OutputReader-stderr] o.s.boot.docker.compose.core.DockerCli   :  a308d0de7d38 Pulling fs layer 
2025-05-20T15:18:57.892Z  INFO 5881 --- [OutputReader-stderr] o.s.boot.docker.compose.core.DockerCli   :  4d7ebd47166d Pulling fs layer 
2025-05-20T15:18:57.893Z  INFO 5881 --- [OutputReader-stderr] o.s.boot.docker.compose.core.DockerCli   :  4ca3b919b7ab Pulling fs layer 
2025-05-20T15:18:57.893Z  INFO 5881 --- [OutputReader-stderr] o.s.boot.docker.compose.core.DockerCli   :  64d10e07b30c Waiting 
2025-05-20T15:18:57.893Z  INFO 5881 --- [OutputReader-stderr] o.s.boot.docker.compose.core.DockerCli   :  877e6448d55b Waiting 
2025-05-20T15:18:57.893Z  INFO 5881 --- [OutputReader-stderr] o.s.boot.docker.compose.core.DockerCli   :  e023e132da3e Waiting 
2025-05-20T15:18:57.893Z  INFO 5881 --- [OutputReader-stderr] o.s.boot.docker.compose.core.DockerCli   :  3ee9d9321249 Waiting 
2025-05-20T15:18:57.893Z  INFO 5881 --- [OutputReader-stderr] o.s.boot.docker.compose.core.DockerCli   :  0ddf304e15c0 Waiting 
2025-05-20T15:18:57.893Z  INFO 5881 --- [OutputReader-stderr] o.s.boot.docker.compose.core.DockerCli   :  693761670bfc Waiting 
2025-05-20T15:18:57.894Z  INFO 5881 --- [OutputReader-stderr] o.s.boot.docker.compose.core.DockerCli   :  fb0c607b2495 Waiting 
2025-05-20T15:18:57.901Z  INFO 5881 --- [OutputReader-stderr] o.s.boot.docker.compose.core.DockerCli   :  f438059a5a57 Waiting 
2025-05-20T15:18:57.904Z  INFO 5881 --- [OutputReader-stderr] o.s.boot.docker.compose.core.DockerCli   :  a308d0de7d38 Waiting 
2025-05-20T15:18:57.904Z  INFO 5881 --- [OutputReader-stderr] o.s.boot.docker.compose.core.DockerCli   :  4d7ebd47166d Waiting 
2025-05-20T15:18:57.904Z  INFO 5881 --- [OutputReader-stderr] o.s.boot.docker.compose.core.DockerCli   :  4ca3b919b7ab Waiting 
2025-05-20T15:18:58.355Z  INFO 5881 --- [OutputReader-stderr] o.s.boot.docker.compose.core.DockerCli   :  074b41e8190f Downloading [=======================================>           ]     934B/1.171kB
2025-05-20T15:18:58.356Z  INFO 5881 --- [OutputReader-stderr] o.s.boot.docker.compose.core.DockerCli   :  bb26461722d7 Downloading [>                                                  ]  45.93kB/4.534MB
2025-05-20T15:18:58.357Z  INFO 5881 --- [OutputReader-stderr] o.s.boot.docker.compose.core.DockerCli   :  074b41e8190f Downloading [==================================================>]  1.171kB/1.171kB
2025-05-20T15:18:58.364Z  INFO 5881 --- [OutputReader-stderr] o.s.boot.docker.compose.core.DockerCli   :  074b41e8190f Verifying Checksum 
2025-05-20T15:18:58.364Z  INFO 5881 --- [OutputReader-stderr] o.s.boot.docker.compose.core.DockerCli   :  074b41e8190f Download complete 
2025-05-20T15:18:58.364Z  INFO 5881 --- [OutputReader-stderr] o.s.boot.docker.compose.core.DockerCli   :  254e724d7786 Downloading [>                                                  ]  294.3kB/28.23MB
2025-05-20T15:18:58.455Z  INFO 5881 --- [OutputReader-stderr] o.s.boot.docker.compose.core.DockerCli   :  bb26461722d7 Downloading [=================>                                 ]  1.543MB/4.534MB
2025-05-20T15:18:58.463Z  INFO 5881 --- [OutputReader-stderr] o.s.boot.docker.compose.core.DockerCli   :  254e724d7786 Downloading [====>                                              ]  2.628MB/28.23MB
2025-05-20T15:18:58.559Z  INFO 5881 --- [OutputReader-stderr] o.s.boot.docker.compose.core.DockerCli   :  bb26461722d7 Downloading [=================================================> ]  4.484MB/4.534MB
2025-05-20T15:18:58.559Z  INFO 5881 --- [OutputReader-stderr] o.s.boot.docker.compose.core.DockerCli   :  bb26461722d7 Verifying Checksum 
2025-05-20T15:18:58.560Z  INFO 5881 --- [OutputReader-stderr] o.s.boot.docker.compose.core.DockerCli   :  bb26461722d7 Download complete 
2025-05-20T15:18:58.578Z  INFO 5881 --- [OutputReader-stderr] o.s.boot.docker.compose.core.DockerCli   :  254e724d7786 Downloading [==========>                                        ]  6.114MB/28.23MB
2025-05-20T15:18:58.674Z  INFO 5881 --- [OutputReader-stderr] o.s.boot.docker.compose.core.DockerCli   :  254e724d7786 Downloading [================>                                  ]  9.288MB/28.23MB
2025-05-20T15:18:58.779Z  INFO 5881 --- [OutputReader-stderr] o.s.boot.docker.compose.core.DockerCli   :  254e724d7786 Downloading [======================>                            ]  12.79MB/28.23MB
2025-05-20T15:18:58.845Z  INFO 5881 --- [OutputReader-stderr] o.s.boot.docker.compose.core.DockerCli   :  0ddf304e15c0 Downloading [>                                                  ]  14.62kB/1.447MB
2025-05-20T15:18:58.880Z  INFO 5881 --- [OutputReader-stderr] o.s.boot.docker.compose.core.DockerCli   :  254e724d7786 Downloading [==========================>                        ]  15.15MB/28.23MB
2025-05-20T15:18:58.930Z  INFO 5881 --- [OutputReader-stderr] o.s.boot.docker.compose.core.DockerCli   :  0ddf304e15c0 Verifying Checksum 
2025-05-20T15:18:58.933Z  INFO 5881 --- [OutputReader-stderr] o.s.boot.docker.compose.core.DockerCli   :  0ddf304e15c0 Download complete 
2025-05-20T15:18:58.988Z  INFO 5881 --- [OutputReader-stderr] o.s.boot.docker.compose.core.DockerCli   :  254e724d7786 Downloading [==============================>                    ]  17.19MB/28.23MB
2025-05-20T15:18:59.032Z  INFO 5881 --- [OutputReader-stderr] o.s.boot.docker.compose.core.DockerCli   :  693761670bfc Downloading [>                                                  ]  81.89kB/8.066MB
2025-05-20T15:18:59.096Z  INFO 5881 --- [OutputReader-stderr] o.s.boot.docker.compose.core.DockerCli   :  254e724d7786 Downloading [==================================>                ]  19.23MB/28.23MB
2025-05-20T15:18:59.135Z  INFO 5881 --- [OutputReader-stderr] o.s.boot.docker.compose.core.DockerCli   :  693761670bfc Downloading [============>                                      ]  1.993MB/8.066MB
2025-05-20T15:18:59.185Z  INFO 5881 --- [OutputReader-stderr] o.s.boot.docker.compose.core.DockerCli   :  254e724d7786 Downloading [=====================================>             ]  21.27MB/28.23MB
2025-05-20T15:18:59.243Z  INFO 5881 --- [OutputReader-stderr] o.s.boot.docker.compose.core.DockerCli   :  693761670bfc Downloading [=======================>                           ]  3.746MB/8.066MB
2025-05-20T15:18:59.299Z  INFO 5881 --- [OutputReader-stderr] o.s.boot.docker.compose.core.DockerCli   :  254e724d7786 Downloading [=========================================>         ]   23.6MB/28.23MB
2025-05-20T15:18:59.343Z  INFO 5881 --- [OutputReader-stderr] o.s.boot.docker.compose.core.DockerCli   :  693761670bfc Downloading [======================================>            ]  6.147MB/8.066MB
2025-05-20T15:18:59.408Z  INFO 5881 --- [OutputReader-stderr] o.s.boot.docker.compose.core.DockerCli   :  fb0c607b2495 Downloading [>                                                  ]  13.25kB/1.196MB
2025-05-20T15:18:59.426Z  INFO 5881 --- [OutputReader-stderr] o.s.boot.docker.compose.core.DockerCli   :  254e724d7786 Downloading [===============================================>   ]   26.8MB/28.23MB
2025-05-20T15:18:59.459Z  INFO 5881 --- [OutputReader-stderr] o.s.boot.docker.compose.core.DockerCli   :  693761670bfc Downloading [===============================================>   ]   7.74MB/8.066MB
2025-05-20T15:18:59.500Z  INFO 5881 --- [OutputReader-stderr] o.s.boot.docker.compose.core.DockerCli   :  693761670bfc Verifying Checksum 
2025-05-20T15:18:59.501Z  INFO 5881 --- [OutputReader-stderr] o.s.boot.docker.compose.core.DockerCli   :  693761670bfc Download complete 
2025-05-20T15:18:59.509Z  INFO 5881 --- [OutputReader-stderr] o.s.boot.docker.compose.core.DockerCli   :  fb0c607b2495 Downloading [=====================================>             ]  903.6kB/1.196MB
2025-05-20T15:18:59.531Z  INFO 5881 --- [OutputReader-stderr] o.s.boot.docker.compose.core.DockerCli   :  fb0c607b2495 Verifying Checksum 
2025-05-20T15:18:59.532Z  INFO 5881 --- [OutputReader-stderr] o.s.boot.docker.compose.core.DockerCli   :  fb0c607b2495 Download complete 
2025-05-20T15:18:59.540Z  INFO 5881 --- [OutputReader-stderr] o.s.boot.docker.compose.core.DockerCli   :  254e724d7786 Verifying Checksum 
2025-05-20T15:18:59.540Z  INFO 5881 --- [OutputReader-stderr] o.s.boot.docker.compose.core.DockerCli   :  254e724d7786 Download complete 
2025-05-20T15:18:59.677Z  INFO 5881 --- [OutputReader-stderr] o.s.boot.docker.compose.core.DockerCli   :  254e724d7786 Extracting [>                                                  ]  294.9kB/28.23MB
2025-05-20T15:18:59.824Z  INFO 5881 --- [OutputReader-stderr] o.s.boot.docker.compose.core.DockerCli   :  254e724d7786 Extracting [==>                                                ]   1.18MB/28.23MB
2025-05-20T15:18:59.965Z  INFO 5881 --- [OutputReader-stderr] o.s.boot.docker.compose.core.DockerCli   :  254e724d7786 Extracting [===>                                               ]  1.769MB/28.23MB
2025-05-20T15:18:59.977Z  INFO 5881 --- [OutputReader-stderr] o.s.boot.docker.compose.core.DockerCli   :  f438059a5a57 Downloading [==================================================>]     116B/116B
2025-05-20T15:18:59.977Z  INFO 5881 --- [OutputReader-stderr] o.s.boot.docker.compose.core.DockerCli   :  f438059a5a57 Verifying Checksum 
2025-05-20T15:18:59.977Z  INFO 5881 --- [OutputReader-stderr] o.s.boot.docker.compose.core.DockerCli   :  f438059a5a57 Download complete 
2025-05-20T15:18:59.998Z  INFO 5881 --- [OutputReader-stderr] o.s.boot.docker.compose.core.DockerCli   :  64d10e07b30c Downloading [==============>                                    ]     934B/3.139kB
2025-05-20T15:18:59.998Z  INFO 5881 --- [OutputReader-stderr] o.s.boot.docker.compose.core.DockerCli   :  64d10e07b30c Downloading [==================================================>]  3.139kB/3.139kB
2025-05-20T15:18:59.998Z  INFO 5881 --- [OutputReader-stderr] o.s.boot.docker.compose.core.DockerCli   :  64d10e07b30c Verifying Checksum 
2025-05-20T15:18:59.998Z  INFO 5881 --- [OutputReader-stderr] o.s.boot.docker.compose.core.DockerCli   :  64d10e07b30c Download complete 
2025-05-20T15:19:00.071Z  INFO 5881 --- [OutputReader-stderr] o.s.boot.docker.compose.core.DockerCli   :  877e6448d55b Downloading [>                                                  ]  540.1kB/112.8MB
2025-05-20T15:19:00.103Z  INFO 5881 --- [OutputReader-stderr] o.s.boot.docker.compose.core.DockerCli   :  254e724d7786 Extracting [====>                                              ]  2.359MB/28.23MB
2025-05-20T15:19:00.182Z  INFO 5881 --- [OutputReader-stderr] o.s.boot.docker.compose.core.DockerCli   :  877e6448d55b Downloading [>                                                  ]  2.145MB/112.8MB
2025-05-20T15:19:00.237Z  INFO 5881 --- [OutputReader-stderr] o.s.boot.docker.compose.core.DockerCli   :  254e724d7786 Extracting [====>                                              ]  2.654MB/28.23MB
2025-05-20T15:19:00.287Z  INFO 5881 --- [OutputReader-stderr] o.s.boot.docker.compose.core.DockerCli   :  877e6448d55b Downloading [=>                                                 ]  4.283MB/112.8MB
2025-05-20T15:19:00.327Z  INFO 5881 --- [OutputReader-stderr] o.s.boot.docker.compose.core.DockerCli   :  254e724d7786 Extracting [=====>                                             ]  2.949MB/28.23MB
2025-05-20T15:19:00.388Z  INFO 5881 --- [OutputReader-stderr] o.s.boot.docker.compose.core.DockerCli   :  877e6448d55b Downloading [==>                                                ]  6.413MB/112.8MB
2025-05-20T15:19:00.434Z  INFO 5881 --- [OutputReader-stderr] o.s.boot.docker.compose.core.DockerCli   :  254e724d7786 Extracting [=====>                                             ]  3.244MB/28.23MB
2025-05-20T15:19:00.535Z  INFO 5881 --- [OutputReader-stderr] o.s.boot.docker.compose.core.DockerCli   :  877e6448d55b Downloading [===>                                               ]  8.006MB/112.8MB
2025-05-20T15:19:00.593Z  INFO 5881 --- [OutputReader-stderr] o.s.boot.docker.compose.core.DockerCli   :  e023e132da3e Downloading [======>                                            ]  1.369kB/10.23kB
2025-05-20T15:19:00.596Z  INFO 5881 --- [OutputReader-stderr] o.s.boot.docker.compose.core.DockerCli   :  e023e132da3e Downloading [==================================================>]  10.23kB/10.23kB
2025-05-20T15:19:00.610Z  INFO 5881 --- [OutputReader-stderr] o.s.boot.docker.compose.core.DockerCli   :  e023e132da3e Verifying Checksum 
2025-05-20T15:19:00.611Z  INFO 5881 --- [OutputReader-stderr] o.s.boot.docker.compose.core.DockerCli   :  e023e132da3e Download complete 
2025-05-20T15:19:00.618Z  INFO 5881 --- [OutputReader-stderr] o.s.boot.docker.compose.core.DockerCli   :  3ee9d9321249 Downloading [==================================================>]     127B/127B
2025-05-20T15:19:00.621Z  INFO 5881 --- [OutputReader-stderr] o.s.boot.docker.compose.core.DockerCli   :  3ee9d9321249 Verifying Checksum 
2025-05-20T15:19:00.627Z  INFO 5881 --- [OutputReader-stderr] o.s.boot.docker.compose.core.DockerCli   :  3ee9d9321249 Download complete 
2025-05-20T15:19:00.647Z  INFO 5881 --- [OutputReader-stderr] o.s.boot.docker.compose.core.DockerCli   :  877e6448d55b Downloading [====>                                              ]   9.62MB/112.8MB
2025-05-20T15:19:00.653Z  INFO 5881 --- [OutputReader-stderr] o.s.boot.docker.compose.core.DockerCli   :  254e724d7786 Extracting [======>                                            ]  3.539MB/28.23MB
2025-05-20T15:19:00.707Z  INFO 5881 --- [OutputReader-stderr] o.s.boot.docker.compose.core.DockerCli   :  254e724d7786 Extracting [======>                                            ]  3.834MB/28.23MB
2025-05-20T15:19:00.763Z  INFO 5881 --- [OutputReader-stderr] o.s.boot.docker.compose.core.DockerCli   :  877e6448d55b Downloading [=====>                                             ]  11.76MB/112.8MB
2025-05-20T15:19:00.832Z  INFO 5881 --- [OutputReader-stderr] o.s.boot.docker.compose.core.DockerCli   :  254e724d7786 Extracting [=======>                                           ]  4.129MB/28.23MB
2025-05-20T15:19:00.906Z  INFO 5881 --- [OutputReader-stderr] o.s.boot.docker.compose.core.DockerCli   :  877e6448d55b Downloading [======>                                            ]  13.89MB/112.8MB
2025-05-20T15:19:00.977Z  INFO 5881 --- [OutputReader-stderr] o.s.boot.docker.compose.core.DockerCli   :  254e724d7786 Extracting [=======>                                           ]  4.424MB/28.23MB
2025-05-20T15:19:01.021Z  INFO 5881 --- [OutputReader-stderr] o.s.boot.docker.compose.core.DockerCli   :  877e6448d55b Downloading [======>                                            ]   15.5MB/112.8MB
2025-05-20T15:19:01.132Z  INFO 5881 --- [OutputReader-stderr] o.s.boot.docker.compose.core.DockerCli   :  254e724d7786 Extracting [========>                                          ]  4.719MB/28.23MB
2025-05-20T15:19:01.195Z  INFO 5881 --- [OutputReader-stderr] o.s.boot.docker.compose.core.DockerCli   :  877e6448d55b Downloading [=======>                                           ]  17.11MB/112.8MB
2025-05-20T15:19:01.216Z  INFO 5881 --- [OutputReader-stderr] o.s.boot.docker.compose.core.DockerCli   :  a308d0de7d38 Downloading [==================================================>]     167B/167B
2025-05-20T15:19:01.216Z  INFO 5881 --- [OutputReader-stderr] o.s.boot.docker.compose.core.DockerCli   :  a308d0de7d38 Verifying Checksum 
2025-05-20T15:19:01.217Z  INFO 5881 --- [OutputReader-stderr] o.s.boot.docker.compose.core.DockerCli   :  a308d0de7d38 Download complete 
2025-05-20T15:19:01.278Z  INFO 5881 --- [OutputReader-stderr] o.s.boot.docker.compose.core.DockerCli   :  4d7ebd47166d Downloading [========>                                          ]     934B/5.471kB
2025-05-20T15:19:01.279Z  INFO 5881 --- [OutputReader-stderr] o.s.boot.docker.compose.core.DockerCli   :  4d7ebd47166d Downloading [==================================================>]  5.471kB/5.471kB
2025-05-20T15:19:01.279Z  INFO 5881 --- [OutputReader-stderr] o.s.boot.docker.compose.core.DockerCli   :  4d7ebd47166d Verifying Checksum 
2025-05-20T15:19:01.279Z  INFO 5881 --- [OutputReader-stderr] o.s.boot.docker.compose.core.DockerCli   :  4d7ebd47166d Download complete 
2025-05-20T15:19:01.286Z  INFO 5881 --- [OutputReader-stderr] o.s.boot.docker.compose.core.DockerCli   :  254e724d7786 Extracting [========>                                          ]  5.014MB/28.23MB
2025-05-20T15:19:01.314Z  INFO 5881 --- [OutputReader-stderr] o.s.boot.docker.compose.core.DockerCli   :  877e6448d55b Downloading [========>                                          ]  18.72MB/112.8MB
2025-05-20T15:19:01.431Z  INFO 5881 --- [OutputReader-stderr] o.s.boot.docker.compose.core.DockerCli   :  254e724d7786 Extracting [=========>                                         ]  5.308MB/28.23MB
2025-05-20T15:19:01.438Z  INFO 5881 --- [OutputReader-stderr] o.s.boot.docker.compose.core.DockerCli   :  877e6448d55b Downloading [=========>                                         ]  20.32MB/112.8MB
2025-05-20T15:19:01.539Z  INFO 5881 --- [OutputReader-stderr] o.s.boot.docker.compose.core.DockerCli   :  254e724d7786 Extracting [=========>                                         ]  5.603MB/28.23MB
2025-05-20T15:19:01.572Z  INFO 5881 --- [OutputReader-stderr] o.s.boot.docker.compose.core.DockerCli   :  877e6448d55b Downloading [=========>                                         ]  21.92MB/112.8MB
2025-05-20T15:19:01.719Z  INFO 5881 --- [OutputReader-stderr] o.s.boot.docker.compose.core.DockerCli   :  877e6448d55b Downloading [==========>                                        ]  24.08MB/112.8MB
2025-05-20T15:19:01.771Z  INFO 5881 --- [OutputReader-stderr] o.s.boot.docker.compose.core.DockerCli   :  4ca3b919b7ab Downloading [==================================================>]     184B/184B
2025-05-20T15:19:01.771Z  INFO 5881 --- [OutputReader-stderr] o.s.boot.docker.compose.core.DockerCli   :  4ca3b919b7ab Verifying Checksum 
2025-05-20T15:19:01.782Z  INFO 5881 --- [OutputReader-stderr] o.s.boot.docker.compose.core.DockerCli   :  4ca3b919b7ab Download complete 
2025-05-20T15:19:01.785Z  INFO 5881 --- [OutputReader-stderr] o.s.boot.docker.compose.core.DockerCli   :  254e724d7786 Extracting [==========>                                        ]  6.193MB/28.23MB
2025-05-20T15:19:01.820Z  INFO 5881 --- [OutputReader-stderr] o.s.boot.docker.compose.core.DockerCli   :  877e6448d55b Downloading [===========>                                       ]  25.68MB/112.8MB
2025-05-20T15:19:01.951Z  INFO 5881 --- [OutputReader-stderr] o.s.boot.docker.compose.core.DockerCli   :  877e6448d55b Downloading [============>                                      ]  27.83MB/112.8MB
2025-05-20T15:19:02.020Z  INFO 5881 --- [OutputReader-stderr] o.s.boot.docker.compose.core.DockerCli   :  254e724d7786 Extracting [===========>                                       ]  6.488MB/28.23MB
2025-05-20T15:19:02.049Z  INFO 5881 --- [OutputReader-stderr] o.s.boot.docker.compose.core.DockerCli   :  877e6448d55b Downloading [=============>                                     ]  29.96MB/112.8MB
2025-05-20T15:19:02.114Z  INFO 5881 --- [OutputReader-stderr] o.s.boot.docker.compose.core.DockerCli   :  254e724d7786 Extracting [============>                                      ]  6.783MB/28.23MB
2025-05-20T15:19:02.179Z  INFO 5881 --- [OutputReader-stderr] o.s.boot.docker.compose.core.DockerCli   :  877e6448d55b Downloading [=============>                                     ]  31.58MB/112.8MB
2025-05-20T15:19:02.258Z  INFO 5881 --- [OutputReader-stderr] o.s.boot.docker.compose.core.DockerCli   :  254e724d7786 Extracting [============>                                      ]  7.078MB/28.23MB
2025-05-20T15:19:02.326Z  INFO 5881 --- [OutputReader-stderr] o.s.boot.docker.compose.core.DockerCli   :  877e6448d55b Downloading [==============>                                    ]   33.2MB/112.8MB
2025-05-20T15:19:02.418Z  INFO 5881 --- [OutputReader-stderr] o.s.boot.docker.compose.core.DockerCli   :  254e724d7786 Extracting [=============>                                     ]  7.373MB/28.23MB
2025-05-20T15:19:02.451Z  INFO 5881 --- [OutputReader-stderr] o.s.boot.docker.compose.core.DockerCli   :  877e6448d55b Downloading [===============>                                   ]   34.8MB/112.8MB
2025-05-20T15:19:02.559Z  INFO 5881 --- [OutputReader-stderr] o.s.boot.docker.compose.core.DockerCli   :  254e724d7786 Extracting [=============>                                     ]  7.668MB/28.23MB
2025-05-20T15:19:02.560Z  INFO 5881 --- [OutputReader-stderr] o.s.boot.docker.compose.core.DockerCli   :  877e6448d55b Downloading [===============>                                   ]  35.88MB/112.8MB
2025-05-20T15:19:02.697Z  INFO 5881 --- [OutputReader-stderr] o.s.boot.docker.compose.core.DockerCli   :  254e724d7786 Extracting [==============>                                    ]  7.963MB/28.23MB
2025-05-20T15:19:02.719Z  INFO 5881 --- [OutputReader-stderr] o.s.boot.docker.compose.core.DockerCli   :  877e6448d55b Downloading [================>                                  ]  37.49MB/112.8MB
2025-05-20T15:19:02.798Z  INFO 5881 --- [OutputReader-stderr] o.s.boot.docker.compose.core.DockerCli   :  254e724d7786 Extracting [==============>                                    ]  8.258MB/28.23MB
2025-05-20T15:19:02.817Z  INFO 5881 --- [OutputReader-stderr] o.s.boot.docker.compose.core.DockerCli   :  877e6448d55b Downloading [=================>                                 ]  39.64MB/112.8MB
2025-05-20T15:19:02.942Z  INFO 5881 --- [OutputReader-stderr] o.s.boot.docker.compose.core.DockerCli   :  877e6448d55b Downloading [===================>                               ]  44.46MB/112.8MB
2025-05-20T15:19:03.029Z  INFO 5881 --- [OutputReader-stderr] o.s.boot.docker.compose.core.DockerCli   :  254e724d7786 Extracting [===============>                                   ]  8.552MB/28.23MB
2025-05-20T15:19:03.050Z  INFO 5881 --- [OutputReader-stderr] o.s.boot.docker.compose.core.DockerCli   :  877e6448d55b Downloading [=====================>                             ]  47.67MB/112.8MB
2025-05-20T15:19:03.114Z  INFO 5881 --- [OutputReader-stderr] o.s.boot.docker.compose.core.DockerCli   :  254e724d7786 Extracting [===============>                                   ]  8.847MB/28.23MB
2025-05-20T15:19:03.143Z  INFO 5881 --- [OutputReader-stderr] o.s.boot.docker.compose.core.DockerCli   :  877e6448d55b Downloading [======================>                            ]   50.9MB/112.8MB
2025-05-20T15:19:03.256Z  INFO 5881 --- [OutputReader-stderr] o.s.boot.docker.compose.core.DockerCli   :  877e6448d55b Downloading [=======================>                           ]  54.12MB/112.8MB
2025-05-20T15:19:03.343Z  INFO 5881 --- [OutputReader-stderr] o.s.boot.docker.compose.core.DockerCli   :  254e724d7786 Extracting [================>                                  ]  9.142MB/28.23MB
2025-05-20T15:19:03.369Z  INFO 5881 --- [OutputReader-stderr] o.s.boot.docker.compose.core.DockerCli   :  877e6448d55b Downloading [=========================>                         ]  57.33MB/112.8MB
2025-05-20T15:19:03.463Z  INFO 5881 --- [OutputReader-stderr] o.s.boot.docker.compose.core.DockerCli   :  877e6448d55b Downloading [==========================>                        ]  59.49MB/112.8MB
2025-05-20T15:19:03.480Z  INFO 5881 --- [OutputReader-stderr] o.s.boot.docker.compose.core.DockerCli   :  254e724d7786 Extracting [================>                                  ]  9.437MB/28.23MB
2025-05-20T15:19:03.571Z  INFO 5881 --- [OutputReader-stderr] o.s.boot.docker.compose.core.DockerCli   :  877e6448d55b Downloading [===========================>                       ]  62.17MB/112.8MB
2025-05-20T15:19:03.633Z  INFO 5881 --- [OutputReader-stderr] o.s.boot.docker.compose.core.DockerCli   :  254e724d7786 Extracting [=================>                                 ]  9.732MB/28.23MB
2025-05-20T15:19:03.702Z  INFO 5881 --- [OutputReader-stderr] o.s.boot.docker.compose.core.DockerCli   :  877e6448d55b Downloading [============================>                      ]  64.29MB/112.8MB
2025-05-20T15:19:03.829Z  INFO 5881 --- [OutputReader-stderr] o.s.boot.docker.compose.core.DockerCli   :  877e6448d55b Downloading [=============================>                     ]  65.89MB/112.8MB
2025-05-20T15:19:03.906Z  INFO 5881 --- [OutputReader-stderr] o.s.boot.docker.compose.core.DockerCli   :  254e724d7786 Extracting [==================>                                ]  10.32MB/28.23MB
2025-05-20T15:19:03.933Z  INFO 5881 --- [OutputReader-stderr] o.s.boot.docker.compose.core.DockerCli   :  877e6448d55b Downloading [==============================>                    ]   69.1MB/112.8MB
2025-05-20T15:19:04.030Z  INFO 5881 --- [OutputReader-stderr] o.s.boot.docker.compose.core.DockerCli   :  254e724d7786 Extracting [===================>                               ]  10.91MB/28.23MB
2025-05-20T15:19:04.062Z  INFO 5881 --- [OutputReader-stderr] o.s.boot.docker.compose.core.DockerCli   :  877e6448d55b Downloading [===============================>                   ]  71.79MB/112.8MB
2025-05-20T15:19:04.170Z  INFO 5881 --- [OutputReader-stderr] o.s.boot.docker.compose.core.DockerCli   :  877e6448d55b Downloading [=================================>                 ]  75.52MB/112.8MB
2025-05-20T15:19:04.183Z  INFO 5881 --- [OutputReader-stderr] o.s.boot.docker.compose.core.DockerCli   :  254e724d7786 Extracting [===================>                               ]  11.21MB/28.23MB
2025-05-20T15:19:04.273Z  INFO 5881 --- [OutputReader-stderr] o.s.boot.docker.compose.core.DockerCli   :  877e6448d55b Downloading [===================================>               ]  79.84MB/112.8MB
2025-05-20T15:19:04.309Z  INFO 5881 --- [OutputReader-stderr] o.s.boot.docker.compose.core.DockerCli   :  254e724d7786 Extracting [=====================>                             ]  12.09MB/28.23MB
2025-05-20T15:19:04.399Z  INFO 5881 --- [OutputReader-stderr] o.s.boot.docker.compose.core.DockerCli   :  877e6448d55b Downloading [====================================>              ]  83.06MB/112.8MB
2025-05-20T15:19:04.416Z  INFO 5881 --- [OutputReader-stderr] o.s.boot.docker.compose.core.DockerCli   :  254e724d7786 Extracting [======================>                            ]  12.68MB/28.23MB
2025-05-20T15:19:04.487Z  INFO 5881 --- [OutputReader-stderr] o.s.boot.docker.compose.core.DockerCli   :  877e6448d55b Downloading [======================================>            ]  87.35MB/112.8MB
2025-05-20T15:19:04.535Z  INFO 5881 --- [OutputReader-stderr] o.s.boot.docker.compose.core.DockerCli   :  254e724d7786 Extracting [=======================>                           ]  13.27MB/28.23MB
2025-05-20T15:19:04.586Z  INFO 5881 --- [OutputReader-stderr] o.s.boot.docker.compose.core.DockerCli   :  877e6448d55b Downloading [========================================>          ]   91.1MB/112.8MB
2025-05-20T15:19:04.655Z  INFO 5881 --- [OutputReader-stderr] o.s.boot.docker.compose.core.DockerCli   :  254e724d7786 Extracting [=========================>                         ]  14.16MB/28.23MB
2025-05-20T15:19:04.696Z  INFO 5881 --- [OutputReader-stderr] o.s.boot.docker.compose.core.DockerCli   :  877e6448d55b Downloading [==========================================>        ]  94.83MB/112.8MB
2025-05-20T15:19:04.788Z  INFO 5881 --- [OutputReader-stderr] o.s.boot.docker.compose.core.DockerCli   :  254e724d7786 Extracting [==========================>                        ]  14.75MB/28.23MB
2025-05-20T15:19:04.805Z  INFO 5881 --- [OutputReader-stderr] o.s.boot.docker.compose.core.DockerCli   :  877e6448d55b Downloading [===========================================>       ]  99.12MB/112.8MB
2025-05-20T15:19:04.905Z  INFO 5881 --- [OutputReader-stderr] o.s.boot.docker.compose.core.DockerCli   :  254e724d7786 Extracting [===========================>                       ]  15.63MB/28.23MB
2025-05-20T15:19:04.907Z  INFO 5881 --- [OutputReader-stderr] o.s.boot.docker.compose.core.DockerCli   :  877e6448d55b Downloading [=============================================>     ]  103.4MB/112.8MB
2025-05-20T15:19:05.017Z  INFO 5881 --- [OutputReader-stderr] o.s.boot.docker.compose.core.DockerCli   :  877e6448d55b Downloading [===============================================>   ]  108.2MB/112.8MB
2025-05-20T15:19:05.037Z  INFO 5881 --- [OutputReader-stderr] o.s.boot.docker.compose.core.DockerCli   :  254e724d7786 Extracting [=============================>                     ]  16.52MB/28.23MB
2025-05-20T15:19:05.103Z  INFO 5881 --- [OutputReader-stderr] o.s.boot.docker.compose.core.DockerCli   :  877e6448d55b Verifying Checksum 
2025-05-20T15:19:05.105Z  INFO 5881 --- [OutputReader-stderr] o.s.boot.docker.compose.core.DockerCli   :  877e6448d55b Download complete 
2025-05-20T15:19:05.153Z  INFO 5881 --- [OutputReader-stderr] o.s.boot.docker.compose.core.DockerCli   :  254e724d7786 Extracting [===============================>                   ]  17.69MB/28.23MB
2025-05-20T15:19:05.271Z  INFO 5881 --- [OutputReader-stderr] o.s.boot.docker.compose.core.DockerCli   :  254e724d7786 Extracting [==================================>                ]  19.46MB/28.23MB
2025-05-20T15:19:05.379Z  INFO 5881 --- [OutputReader-stderr] o.s.boot.docker.compose.core.DockerCli   :  254e724d7786 Extracting [=====================================>             ]  20.94MB/28.23MB
2025-05-20T15:19:05.489Z  INFO 5881 --- [OutputReader-stderr] o.s.boot.docker.compose.core.DockerCli   :  254e724d7786 Extracting [=======================================>           ]  22.41MB/28.23MB
2025-05-20T15:19:05.685Z  INFO 5881 --- [OutputReader-stderr] o.s.boot.docker.compose.core.DockerCli   :  254e724d7786 Extracting [=========================================>         ]  23.59MB/28.23MB
2025-05-20T15:19:06.041Z  INFO 5881 --- [OutputReader-stderr] o.s.boot.docker.compose.core.DockerCli   :  254e724d7786 Extracting [==========================================>        ]  23.89MB/28.23MB
2025-05-20T15:19:06.190Z  INFO 5881 --- [OutputReader-stderr] o.s.boot.docker.compose.core.DockerCli   :  254e724d7786 Extracting [===========================================>       ]  24.48MB/28.23MB
2025-05-20T15:19:06.340Z  INFO 5881 --- [OutputReader-stderr] o.s.boot.docker.compose.core.DockerCli   :  254e724d7786 Extracting [============================================>      ]  25.07MB/28.23MB
2025-05-20T15:19:06.525Z  INFO 5881 --- [OutputReader-stderr] o.s.boot.docker.compose.core.DockerCli   :  254e724d7786 Extracting [===============================================>   ]  26.54MB/28.23MB
2025-05-20T15:19:06.993Z  INFO 5881 --- [OutputReader-stderr] o.s.boot.docker.compose.core.DockerCli   :  254e724d7786 Extracting [================================================>  ]  27.13MB/28.23MB
2025-05-20T15:19:07.218Z  INFO 5881 --- [OutputReader-stderr] o.s.boot.docker.compose.core.DockerCli   :  254e724d7786 Extracting [================================================>  ]  27.43MB/28.23MB
2025-05-20T15:19:07.388Z  INFO 5881 --- [OutputReader-stderr] o.s.boot.docker.compose.core.DockerCli   :  254e724d7786 Extracting [=================================================> ]  28.02MB/28.23MB
2025-05-20T15:19:07.491Z  INFO 5881 --- [OutputReader-stderr] o.s.boot.docker.compose.core.DockerCli   :  254e724d7786 Extracting [==================================================>]  28.23MB/28.23MB
2025-05-20T15:19:07.533Z  INFO 5881 --- [OutputReader-stderr] o.s.boot.docker.compose.core.DockerCli   :  254e724d7786 Pull complete 
2025-05-20T15:19:07.546Z  INFO 5881 --- [OutputReader-stderr] o.s.boot.docker.compose.core.DockerCli   :  074b41e8190f Extracting [==================================================>]  1.171kB/1.171kB
2025-05-20T15:19:07.569Z  INFO 5881 --- [OutputReader-stderr] o.s.boot.docker.compose.core.DockerCli   :  074b41e8190f Extracting [==================================================>]  1.171kB/1.171kB
2025-05-20T15:19:09.227Z  INFO 5881 --- [OutputReader-stderr] o.s.boot.docker.compose.core.DockerCli   :  074b41e8190f Pull complete 
2025-05-20T15:19:09.270Z  INFO 5881 --- [OutputReader-stderr] o.s.boot.docker.compose.core.DockerCli   :  bb26461722d7 Extracting [>                                                  ]  65.54kB/4.534MB
2025-05-20T15:19:09.369Z  INFO 5881 --- [OutputReader-stderr] o.s.boot.docker.compose.core.DockerCli   :  bb26461722d7 Extracting [===================>                               ]  1.769MB/4.534MB
2025-05-20T15:19:09.473Z  INFO 5881 --- [OutputReader-stderr] o.s.boot.docker.compose.core.DockerCli   :  bb26461722d7 Extracting [=================================>                 ]   3.08MB/4.534MB
2025-05-20T15:19:09.593Z  INFO 5881 --- [OutputReader-stderr] o.s.boot.docker.compose.core.DockerCli   :  bb26461722d7 Extracting [=================================================> ]  4.456MB/4.534MB
2025-05-20T15:19:09.688Z  INFO 5881 --- [OutputReader-stderr] o.s.boot.docker.compose.core.DockerCli   :  bb26461722d7 Extracting [==================================================>]  4.534MB/4.534MB
2025-05-20T15:19:09.762Z  INFO 5881 --- [OutputReader-stderr] o.s.boot.docker.compose.core.DockerCli   :  bb26461722d7 Pull complete 
2025-05-20T15:19:09.774Z  INFO 5881 --- [OutputReader-stderr] o.s.boot.docker.compose.core.DockerCli   :  0ddf304e15c0 Extracting [=>                                                 ]  32.77kB/1.447MB
2025-05-20T15:19:09.876Z  INFO 5881 --- [OutputReader-stderr] o.s.boot.docker.compose.core.DockerCli   :  0ddf304e15c0 Extracting [=============================================>     ]  1.311MB/1.447MB
2025-05-20T15:19:09.901Z  INFO 5881 --- [OutputReader-stderr] o.s.boot.docker.compose.core.DockerCli   :  0ddf304e15c0 Extracting [==================================================>]  1.447MB/1.447MB
2025-05-20T15:19:09.963Z  INFO 5881 --- [OutputReader-stderr] o.s.boot.docker.compose.core.DockerCli   :  0ddf304e15c0 Pull complete 
2025-05-20T15:19:10.009Z  INFO 5881 --- [OutputReader-stderr] o.s.boot.docker.compose.core.DockerCli   :  693761670bfc Extracting [>                                                  ]   98.3kB/8.066MB
2025-05-20T15:19:10.118Z  INFO 5881 --- [OutputReader-stderr] o.s.boot.docker.compose.core.DockerCli   :  693761670bfc Extracting [========>                                          ]  1.376MB/8.066MB
2025-05-20T15:19:10.229Z  INFO 5881 --- [OutputReader-stderr] o.s.boot.docker.compose.core.DockerCli   :  693761670bfc Extracting [=================>                                 ]  2.851MB/8.066MB
2025-05-20T15:19:10.335Z  INFO 5881 --- [OutputReader-stderr] o.s.boot.docker.compose.core.DockerCli   :  693761670bfc Extracting [=======================>                           ]  3.736MB/8.066MB
2025-05-20T15:19:10.492Z  INFO 5881 --- [OutputReader-stderr] o.s.boot.docker.compose.core.DockerCli   :  693761670bfc Extracting [============================>                      ]   4.62MB/8.066MB
2025-05-20T15:19:10.634Z  INFO 5881 --- [OutputReader-stderr] o.s.boot.docker.compose.core.DockerCli   :  693761670bfc Extracting [===================================>               ]  5.702MB/8.066MB
2025-05-20T15:19:10.751Z  INFO 5881 --- [OutputReader-stderr] o.s.boot.docker.compose.core.DockerCli   :  693761670bfc Extracting [=====================================>             ]  6.095MB/8.066MB
2025-05-20T15:19:10.875Z  INFO 5881 --- [OutputReader-stderr] o.s.boot.docker.compose.core.DockerCli   :  693761670bfc Extracting [==========================================>        ]  6.881MB/8.066MB
2025-05-20T15:19:10.976Z  INFO 5881 --- [OutputReader-stderr] o.s.boot.docker.compose.core.DockerCli   :  693761670bfc Extracting [=============================================>     ]  7.373MB/8.066MB
2025-05-20T15:19:11.095Z  INFO 5881 --- [OutputReader-stderr] o.s.boot.docker.compose.core.DockerCli   :  693761670bfc Extracting [=================================================> ]  8.061MB/8.066MB
2025-05-20T15:19:11.116Z  INFO 5881 --- [OutputReader-stderr] o.s.boot.docker.compose.core.DockerCli   :  693761670bfc Extracting [==================================================>]  8.066MB/8.066MB
2025-05-20T15:19:11.256Z  INFO 5881 --- [OutputReader-stderr] o.s.boot.docker.compose.core.DockerCli   :  693761670bfc Pull complete 
2025-05-20T15:19:11.277Z  INFO 5881 --- [OutputReader-stderr] o.s.boot.docker.compose.core.DockerCli   :  fb0c607b2495 Extracting [=>                                                 ]  32.77kB/1.196MB
2025-05-20T15:19:11.379Z  INFO 5881 --- [OutputReader-stderr] o.s.boot.docker.compose.core.DockerCli   :  fb0c607b2495 Extracting [=====================>                             ]  524.3kB/1.196MB
2025-05-20T15:19:11.480Z  INFO 5881 --- [OutputReader-stderr] o.s.boot.docker.compose.core.DockerCli   :  fb0c607b2495 Extracting [=================================================> ]   1.18MB/1.196MB
2025-05-20T15:19:11.489Z  INFO 5881 --- [OutputReader-stderr] o.s.boot.docker.compose.core.DockerCli   :  fb0c607b2495 Extracting [==================================================>]  1.196MB/1.196MB
2025-05-20T15:19:11.497Z  INFO 5881 --- [OutputReader-stderr] o.s.boot.docker.compose.core.DockerCli   :  fb0c607b2495 Extracting [==================================================>]  1.196MB/1.196MB
2025-05-20T15:19:11.549Z  INFO 5881 --- [OutputReader-stderr] o.s.boot.docker.compose.core.DockerCli   :  fb0c607b2495 Pull complete 
2025-05-20T15:19:11.561Z  INFO 5881 --- [OutputReader-stderr] o.s.boot.docker.compose.core.DockerCli   :  f438059a5a57 Extracting [==================================================>]     116B/116B
2025-05-20T15:19:11.580Z  INFO 5881 --- [OutputReader-stderr] o.s.boot.docker.compose.core.DockerCli   :  f438059a5a57 Extracting [==================================================>]     116B/116B
2025-05-20T15:19:11.617Z  INFO 5881 --- [OutputReader-stderr] o.s.boot.docker.compose.core.DockerCli   :  f438059a5a57 Pull complete 
2025-05-20T15:19:11.633Z  INFO 5881 --- [OutputReader-stderr] o.s.boot.docker.compose.core.DockerCli   :  64d10e07b30c Extracting [==================================================>]  3.139kB/3.139kB
2025-05-20T15:19:11.667Z  INFO 5881 --- [OutputReader-stderr] o.s.boot.docker.compose.core.DockerCli   :  64d10e07b30c Extracting [==================================================>]  3.139kB/3.139kB
2025-05-20T15:19:11.706Z  INFO 5881 --- [OutputReader-stderr] o.s.boot.docker.compose.core.DockerCli   :  64d10e07b30c Pull complete 
2025-05-20T15:19:11.861Z  INFO 5881 --- [OutputReader-stderr] o.s.boot.docker.compose.core.DockerCli   :  877e6448d55b Extracting [>                                                  ]  557.1kB/112.8MB
2025-05-20T15:19:11.975Z  INFO 5881 --- [OutputReader-stderr] o.s.boot.docker.compose.core.DockerCli   :  877e6448d55b Extracting [>                                                  ]  1.671MB/112.8MB
2025-05-20T15:19:12.091Z  INFO 5881 --- [OutputReader-stderr] o.s.boot.docker.compose.core.DockerCli   :  877e6448d55b Extracting [=>                                                 ]  3.342MB/112.8MB
2025-05-20T15:19:12.211Z  INFO 5881 --- [OutputReader-stderr] o.s.boot.docker.compose.core.DockerCli   :  877e6448d55b Extracting [==>                                                ]  5.014MB/112.8MB
2025-05-20T15:19:12.312Z  INFO 5881 --- [OutputReader-stderr] o.s.boot.docker.compose.core.DockerCli   :  877e6448d55b Extracting [==>                                                ]  6.685MB/112.8MB
2025-05-20T15:19:12.460Z  INFO 5881 --- [OutputReader-stderr] o.s.boot.docker.compose.core.DockerCli   :  877e6448d55b Extracting [===>                                               ]  7.799MB/112.8MB
2025-05-20T15:19:12.589Z  INFO 5881 --- [OutputReader-stderr] o.s.boot.docker.compose.core.DockerCli   :  877e6448d55b Extracting [===>                                               ]  8.913MB/112.8MB
2025-05-20T15:19:12.713Z  INFO 5881 --- [OutputReader-stderr] o.s.boot.docker.compose.core.DockerCli   :  877e6448d55b Extracting [====>                                              ]  10.03MB/112.8MB
2025-05-20T15:19:12.854Z  INFO 5881 --- [OutputReader-stderr] o.s.boot.docker.compose.core.DockerCli   :  877e6448d55b Extracting [=====>                                             ]   11.7MB/112.8MB
2025-05-20T15:19:12.975Z  INFO 5881 --- [OutputReader-stderr] o.s.boot.docker.compose.core.DockerCli   :  877e6448d55b Extracting [=====>                                             ]  12.81MB/112.8MB
2025-05-20T15:19:13.114Z  INFO 5881 --- [OutputReader-stderr] o.s.boot.docker.compose.core.DockerCli   :  877e6448d55b Extracting [======>                                            ]  14.48MB/112.8MB
2025-05-20T15:19:13.237Z  INFO 5881 --- [OutputReader-stderr] o.s.boot.docker.compose.core.DockerCli   :  877e6448d55b Extracting [======>                                            ]   15.6MB/112.8MB
2025-05-20T15:19:13.344Z  INFO 5881 --- [OutputReader-stderr] o.s.boot.docker.compose.core.DockerCli   :  877e6448d55b Extracting [=======>                                           ]  16.71MB/112.8MB
2025-05-20T15:19:13.455Z  INFO 5881 --- [OutputReader-stderr] o.s.boot.docker.compose.core.DockerCli   :  877e6448d55b Extracting [=======>                                           ]  17.83MB/112.8MB
2025-05-20T15:19:13.562Z  INFO 5881 --- [OutputReader-stderr] o.s.boot.docker.compose.core.DockerCli   :  877e6448d55b Extracting [========>                                          ]   19.5MB/112.8MB
2025-05-20T15:19:13.666Z  INFO 5881 --- [OutputReader-stderr] o.s.boot.docker.compose.core.DockerCli   :  877e6448d55b Extracting [=========>                                         ]  20.61MB/112.8MB
2025-05-20T15:19:13.788Z  INFO 5881 --- [OutputReader-stderr] o.s.boot.docker.compose.core.DockerCli   :  877e6448d55b Extracting [=========>                                         ]  21.73MB/112.8MB
2025-05-20T15:19:13.926Z  INFO 5881 --- [OutputReader-stderr] o.s.boot.docker.compose.core.DockerCli   :  877e6448d55b Extracting [==========>                                        ]   23.4MB/112.8MB
2025-05-20T15:19:14.079Z  INFO 5881 --- [OutputReader-stderr] o.s.boot.docker.compose.core.DockerCli   :  877e6448d55b Extracting [===========>                                       ]  25.07MB/112.8MB
2025-05-20T15:19:14.178Z  INFO 5881 --- [OutputReader-stderr] o.s.boot.docker.compose.core.DockerCli   :  877e6448d55b Extracting [===========>                                       ]  26.18MB/112.8MB
2025-05-20T15:19:14.300Z  INFO 5881 --- [OutputReader-stderr] o.s.boot.docker.compose.core.DockerCli   :  877e6448d55b Extracting [============>                                      ]  28.41MB/112.8MB
2025-05-20T15:19:14.403Z  INFO 5881 --- [OutputReader-stderr] o.s.boot.docker.compose.core.DockerCli   :  877e6448d55b Extracting [=============>                                     ]  30.08MB/112.8MB
2025-05-20T15:19:14.508Z  INFO 5881 --- [OutputReader-stderr] o.s.boot.docker.compose.core.DockerCli   :  877e6448d55b Extracting [==============>                                    ]  31.75MB/112.8MB
2025-05-20T15:19:14.636Z  INFO 5881 --- [OutputReader-stderr] o.s.boot.docker.compose.core.DockerCli   :  877e6448d55b Extracting [===============>                                   ]  33.98MB/112.8MB
2025-05-20T15:19:14.753Z  INFO 5881 --- [OutputReader-stderr] o.s.boot.docker.compose.core.DockerCli   :  877e6448d55b Extracting [===============>                                   ]  35.65MB/112.8MB
2025-05-20T15:19:14.885Z  INFO 5881 --- [OutputReader-stderr] o.s.boot.docker.compose.core.DockerCli   :  877e6448d55b Extracting [================>                                  ]  37.88MB/112.8MB
2025-05-20T15:19:15.007Z  INFO 5881 --- [OutputReader-stderr] o.s.boot.docker.compose.core.DockerCli   :  877e6448d55b Extracting [=================>                                 ]  39.55MB/112.8MB
2025-05-20T15:19:15.108Z  INFO 5881 --- [OutputReader-stderr] o.s.boot.docker.compose.core.DockerCli   :  877e6448d55b Extracting [==================>                                ]  41.22MB/112.8MB
2025-05-20T15:19:15.213Z  INFO 5881 --- [OutputReader-stderr] o.s.boot.docker.compose.core.DockerCli   :  877e6448d55b Extracting [===================>                               ]  42.89MB/112.8MB
2025-05-20T15:19:15.314Z  INFO 5881 --- [OutputReader-stderr] o.s.boot.docker.compose.core.DockerCli   :  877e6448d55b Extracting [===================>                               ]  44.56MB/112.8MB
2025-05-20T15:19:15.425Z  INFO 5881 --- [OutputReader-stderr] o.s.boot.docker.compose.core.DockerCli   :  877e6448d55b Extracting [====================>                              ]  46.24MB/112.8MB
2025-05-20T15:19:15.529Z  INFO 5881 --- [OutputReader-stderr] o.s.boot.docker.compose.core.DockerCli   :  877e6448d55b Extracting [=====================>                             ]  47.91MB/112.8MB
2025-05-20T15:19:15.661Z  INFO 5881 --- [OutputReader-stderr] o.s.boot.docker.compose.core.DockerCli   :  877e6448d55b Extracting [======================>                            ]  50.14MB/112.8MB
2025-05-20T15:19:15.764Z  INFO 5881 --- [OutputReader-stderr] o.s.boot.docker.compose.core.DockerCli   :  877e6448d55b Extracting [======================>                            ]  51.25MB/112.8MB
2025-05-20T15:19:15.879Z  INFO 5881 --- [OutputReader-stderr] o.s.boot.docker.compose.core.DockerCli   :  877e6448d55b Extracting [=======================>                           ]  52.36MB/112.8MB
2025-05-20T15:19:16.045Z  INFO 5881 --- [OutputReader-stderr] o.s.boot.docker.compose.core.DockerCli   :  877e6448d55b Extracting [=======================>                           ]  53.48MB/112.8MB
2025-05-20T15:19:16.154Z  INFO 5881 --- [OutputReader-stderr] o.s.boot.docker.compose.core.DockerCli   :  877e6448d55b Extracting [=======================>                           ]  54.03MB/112.8MB
2025-05-20T15:19:16.367Z  INFO 5881 --- [OutputReader-stderr] o.s.boot.docker.compose.core.DockerCli   :  877e6448d55b Extracting [========================>                          ]  54.59MB/112.8MB
2025-05-20T15:19:16.485Z  INFO 5881 --- [OutputReader-stderr] o.s.boot.docker.compose.core.DockerCli   :  877e6448d55b Extracting [========================>                          ]  55.71MB/112.8MB
2025-05-20T15:19:16.618Z  INFO 5881 --- [OutputReader-stderr] o.s.boot.docker.compose.core.DockerCli   :  877e6448d55b Extracting [=========================>                         ]  57.38MB/112.8MB
2025-05-20T15:19:16.727Z  INFO 5881 --- [OutputReader-stderr] o.s.boot.docker.compose.core.DockerCli   :  877e6448d55b Extracting [=========================>                         ]  58.49MB/112.8MB
2025-05-20T15:19:16.854Z  INFO 5881 --- [OutputReader-stderr] o.s.boot.docker.compose.core.DockerCli   :  877e6448d55b Extracting [==========================>                        ]   59.6MB/112.8MB
2025-05-20T15:19:16.970Z  INFO 5881 --- [OutputReader-stderr] o.s.boot.docker.compose.core.DockerCli   :  877e6448d55b Extracting [==========================>                        ]  60.72MB/112.8MB
2025-05-20T15:19:17.087Z  INFO 5881 --- [OutputReader-stderr] o.s.boot.docker.compose.core.DockerCli   :  877e6448d55b Extracting [===========================>                       ]  62.39MB/112.8MB
2025-05-20T15:19:17.188Z  INFO 5881 --- [OutputReader-stderr] o.s.boot.docker.compose.core.DockerCli   :  877e6448d55b Extracting [===========================>                       ]  62.95MB/112.8MB
2025-05-20T15:19:17.324Z  INFO 5881 --- [OutputReader-stderr] o.s.boot.docker.compose.core.DockerCli   :  877e6448d55b Extracting [============================>                      ]  65.18MB/112.8MB
2025-05-20T15:19:17.446Z  INFO 5881 --- [OutputReader-stderr] o.s.boot.docker.compose.core.DockerCli   :  877e6448d55b Extracting [=============================>                     ]   67.4MB/112.8MB
2025-05-20T15:19:17.549Z  INFO 5881 --- [OutputReader-stderr] o.s.boot.docker.compose.core.DockerCli   :  877e6448d55b Extracting [==============================>                    ]  69.07MB/112.8MB
2025-05-20T15:19:17.663Z  INFO 5881 --- [OutputReader-stderr] o.s.boot.docker.compose.core.DockerCli   :  877e6448d55b Extracting [===============================>                   ]  70.75MB/112.8MB
2025-05-20T15:19:17.784Z  INFO 5881 --- [OutputReader-stderr] o.s.boot.docker.compose.core.DockerCli   :  877e6448d55b Extracting [================================>                  ]  72.97MB/112.8MB
2025-05-20T15:19:17.887Z  INFO 5881 --- [OutputReader-stderr] o.s.boot.docker.compose.core.DockerCli   :  877e6448d55b Extracting [=================================>                 ]  74.65MB/112.8MB
2025-05-20T15:19:18.006Z  INFO 5881 --- [OutputReader-stderr] o.s.boot.docker.compose.core.DockerCli   :  877e6448d55b Extracting [=================================>                 ]  76.32MB/112.8MB
2025-05-20T15:19:18.129Z  INFO 5881 --- [OutputReader-stderr] o.s.boot.docker.compose.core.DockerCli   :  877e6448d55b Extracting [==================================>                ]  77.99MB/112.8MB
2025-05-20T15:19:18.251Z  INFO 5881 --- [OutputReader-stderr] o.s.boot.docker.compose.core.DockerCli   :  877e6448d55b Extracting [===================================>               ]  79.66MB/112.8MB
2025-05-20T15:19:18.364Z  INFO 5881 --- [OutputReader-stderr] o.s.boot.docker.compose.core.DockerCli   :  877e6448d55b Extracting [====================================>              ]  81.33MB/112.8MB
2025-05-20T15:19:18.494Z  INFO 5881 --- [OutputReader-stderr] o.s.boot.docker.compose.core.DockerCli   :  877e6448d55b Extracting [====================================>              ]     83MB/112.8MB
2025-05-20T15:19:18.606Z  INFO 5881 --- [OutputReader-stderr] o.s.boot.docker.compose.core.DockerCli   :  877e6448d55b Extracting [=====================================>             ]  84.67MB/112.8MB
2025-05-20T15:19:18.721Z  INFO 5881 --- [OutputReader-stderr] o.s.boot.docker.compose.core.DockerCli   :  877e6448d55b Extracting [======================================>            ]  86.34MB/112.8MB
2025-05-20T15:19:18.850Z  INFO 5881 --- [OutputReader-stderr] o.s.boot.docker.compose.core.DockerCli   :  877e6448d55b Extracting [=======================================>           ]  88.57MB/112.8MB
2025-05-20T15:19:18.950Z  INFO 5881 --- [OutputReader-stderr] o.s.boot.docker.compose.core.DockerCli   :  877e6448d55b Extracting [========================================>          ]  90.24MB/112.8MB
2025-05-20T15:19:19.077Z  INFO 5881 --- [OutputReader-stderr] o.s.boot.docker.compose.core.DockerCli   :  877e6448d55b Extracting [========================================>          ]  92.47MB/112.8MB
2025-05-20T15:19:19.200Z  INFO 5881 --- [OutputReader-stderr] o.s.boot.docker.compose.core.DockerCli   :  877e6448d55b Extracting [=========================================>         ]  94.14MB/112.8MB
2025-05-20T15:19:19.353Z  INFO 5881 --- [OutputReader-stderr] o.s.boot.docker.compose.core.DockerCli   :  877e6448d55b Extracting [==========================================>        ]  95.26MB/112.8MB
2025-05-20T15:19:19.540Z  INFO 5881 --- [OutputReader-stderr] o.s.boot.docker.compose.core.DockerCli   :  877e6448d55b Extracting [==========================================>        ]  96.37MB/112.8MB
2025-05-20T15:19:19.674Z  INFO 5881 --- [OutputReader-stderr] o.s.boot.docker.compose.core.DockerCli   :  877e6448d55b Extracting [===========================================>       ]  97.48MB/112.8MB
2025-05-20T15:19:19.784Z  INFO 5881 --- [OutputReader-stderr] o.s.boot.docker.compose.core.DockerCli   :  877e6448d55b Extracting [===========================================>       ]   98.6MB/112.8MB
2025-05-20T15:19:19.907Z  INFO 5881 --- [OutputReader-stderr] o.s.boot.docker.compose.core.DockerCli   :  877e6448d55b Extracting [============================================>      ]  99.71MB/112.8MB
2025-05-20T15:19:20.056Z  INFO 5881 --- [OutputReader-stderr] o.s.boot.docker.compose.core.DockerCli   :  877e6448d55b Extracting [============================================>      ]  100.3MB/112.8MB
2025-05-20T15:19:20.198Z  INFO 5881 --- [OutputReader-stderr] o.s.boot.docker.compose.core.DockerCli   :  877e6448d55b Extracting [============================================>      ]  101.4MB/112.8MB
2025-05-20T15:19:20.316Z  INFO 5881 --- [OutputReader-stderr] o.s.boot.docker.compose.core.DockerCli   :  877e6448d55b Extracting [=============================================>     ]  102.5MB/112.8MB
2025-05-20T15:19:20.458Z  INFO 5881 --- [OutputReader-stderr] o.s.boot.docker.compose.core.DockerCli   :  877e6448d55b Extracting [=============================================>     ]  103.6MB/112.8MB
2025-05-20T15:19:20.585Z  INFO 5881 --- [OutputReader-stderr] o.s.boot.docker.compose.core.DockerCli   :  877e6448d55b Extracting [==============================================>    ]  104.7MB/112.8MB
2025-05-20T15:19:20.737Z  INFO 5881 --- [OutputReader-stderr] o.s.boot.docker.compose.core.DockerCli   :  877e6448d55b Extracting [==============================================>    ]  105.8MB/112.8MB
2025-05-20T15:19:20.840Z  INFO 5881 --- [OutputReader-stderr] o.s.boot.docker.compose.core.DockerCli   :  877e6448d55b Extracting [===============================================>   ]  106.4MB/112.8MB
2025-05-20T15:19:21.038Z  INFO 5881 --- [OutputReader-stderr] o.s.boot.docker.compose.core.DockerCli   :  877e6448d55b Extracting [===============================================>   ]    107MB/112.8MB
2025-05-20T15:19:21.205Z  INFO 5881 --- [OutputReader-stderr] o.s.boot.docker.compose.core.DockerCli   :  877e6448d55b Extracting [===============================================>   ]  107.5MB/112.8MB
2025-05-20T15:19:21.426Z  INFO 5881 --- [OutputReader-stderr] o.s.boot.docker.compose.core.DockerCli   :  877e6448d55b Extracting [===============================================>   ]  108.1MB/112.8MB
2025-05-20T15:19:21.544Z  INFO 5881 --- [OutputReader-stderr] o.s.boot.docker.compose.core.DockerCli   :  877e6448d55b Extracting [================================================>  ]  108.6MB/112.8MB
2025-05-20T15:19:21.707Z  INFO 5881 --- [OutputReader-stderr] o.s.boot.docker.compose.core.DockerCli   :  877e6448d55b Extracting [================================================>  ]  109.2MB/112.8MB
2025-05-20T15:19:21.819Z  INFO 5881 --- [OutputReader-stderr] o.s.boot.docker.compose.core.DockerCli   :  877e6448d55b Extracting [================================================>  ]  109.7MB/112.8MB
2025-05-20T15:19:22.225Z  INFO 5881 --- [OutputReader-stderr] o.s.boot.docker.compose.core.DockerCli   :  877e6448d55b Extracting [=================================================> ]  110.9MB/112.8MB
2025-05-20T15:19:22.420Z  INFO 5881 --- [OutputReader-stderr] o.s.boot.docker.compose.core.DockerCli   :  877e6448d55b Extracting [=================================================> ]  111.4MB/112.8MB
2025-05-20T15:19:22.558Z  INFO 5881 --- [OutputReader-stderr] o.s.boot.docker.compose.core.DockerCli   :  877e6448d55b Extracting [=================================================> ]    112MB/112.8MB
2025-05-20T15:19:22.689Z  INFO 5881 --- [OutputReader-stderr] o.s.boot.docker.compose.core.DockerCli   :  877e6448d55b Extracting [=================================================> ]  112.5MB/112.8MB
2025-05-20T15:19:22.788Z  INFO 5881 --- [OutputReader-stderr] o.s.boot.docker.compose.core.DockerCli   :  877e6448d55b Extracting [==================================================>]  112.8MB/112.8MB
2025-05-20T15:19:25.450Z  INFO 5881 --- [OutputReader-stderr] o.s.boot.docker.compose.core.DockerCli   :  877e6448d55b Pull complete 
2025-05-20T15:19:25.465Z  INFO 5881 --- [OutputReader-stderr] o.s.boot.docker.compose.core.DockerCli   :  e023e132da3e Extracting [==================================================>]  10.23kB/10.23kB
2025-05-20T15:19:25.491Z  INFO 5881 --- [OutputReader-stderr] o.s.boot.docker.compose.core.DockerCli   :  e023e132da3e Extracting [==================================================>]  10.23kB/10.23kB
2025-05-20T15:19:25.538Z  INFO 5881 --- [OutputReader-stderr] o.s.boot.docker.compose.core.DockerCli   :  e023e132da3e Pull complete 
2025-05-20T15:19:25.564Z  INFO 5881 --- [OutputReader-stderr] o.s.boot.docker.compose.core.DockerCli   :  3ee9d9321249 Extracting [==================================================>]     127B/127B
2025-05-20T15:19:25.607Z  INFO 5881 --- [OutputReader-stderr] o.s.boot.docker.compose.core.DockerCli   :  3ee9d9321249 Extracting [==================================================>]     127B/127B
2025-05-20T15:19:25.670Z  INFO 5881 --- [OutputReader-stderr] o.s.boot.docker.compose.core.DockerCli   :  3ee9d9321249 Pull complete 
2025-05-20T15:19:25.686Z  INFO 5881 --- [OutputReader-stderr] o.s.boot.docker.compose.core.DockerCli   :  a308d0de7d38 Extracting [==================================================>]     167B/167B
2025-05-20T15:19:25.727Z  INFO 5881 --- [OutputReader-stderr] o.s.boot.docker.compose.core.DockerCli   :  a308d0de7d38 Extracting [==================================================>]     167B/167B
2025-05-20T15:19:25.773Z  INFO 5881 --- [OutputReader-stderr] o.s.boot.docker.compose.core.DockerCli   :  a308d0de7d38 Pull complete 
2025-05-20T15:19:25.795Z  INFO 5881 --- [OutputReader-stderr] o.s.boot.docker.compose.core.DockerCli   :  4d7ebd47166d Extracting [==================================================>]  5.471kB/5.471kB
2025-05-20T15:19:25.853Z  INFO 5881 --- [OutputReader-stderr] o.s.boot.docker.compose.core.DockerCli   :  4d7ebd47166d Extracting [==================================================>]  5.471kB/5.471kB
2025-05-20T15:19:25.888Z  INFO 5881 --- [OutputReader-stderr] o.s.boot.docker.compose.core.DockerCli   :  4d7ebd47166d Pull complete 
2025-05-20T15:19:25.908Z  INFO 5881 --- [OutputReader-stderr] o.s.boot.docker.compose.core.DockerCli   :  4ca3b919b7ab Extracting [==================================================>]     184B/184B
2025-05-20T15:19:25.936Z  INFO 5881 --- [OutputReader-stderr] o.s.boot.docker.compose.core.DockerCli   :  4ca3b919b7ab Extracting [==================================================>]     184B/184B
2025-05-20T15:19:25.984Z  INFO 5881 --- [OutputReader-stderr] o.s.boot.docker.compose.core.DockerCli   :  4ca3b919b7ab Pull complete 
2025-05-20T15:19:26.058Z  INFO 5881 --- [OutputReader-stderr] o.s.boot.docker.compose.core.DockerCli   :  postgres Pulled 
2025-05-20T15:19:26.095Z  INFO 5881 --- [OutputReader-stderr] o.s.boot.docker.compose.core.DockerCli   :  Network covidinventory_postgres  Creating
2025-05-20T15:19:26.558Z  INFO 5881 --- [OutputReader-stderr] o.s.boot.docker.compose.core.DockerCli   :  Network covidinventory_postgres  Created
2025-05-20T15:19:26.563Z  INFO 5881 --- [OutputReader-stderr] o.s.boot.docker.compose.core.DockerCli   :  Volume "covidinventory_postgres"  Creating
2025-05-20T15:19:26.574Z  INFO 5881 --- [OutputReader-stderr] o.s.boot.docker.compose.core.DockerCli   :  Volume "covidinventory_postgres"  Created
2025-05-20T15:19:26.574Z  INFO 5881 --- [OutputReader-stderr] o.s.boot.docker.compose.core.DockerCli   :  Container postgres_container  Creating
2025-05-20T15:19:26.798Z  INFO 5881 --- [OutputReader-stderr] o.s.boot.docker.compose.core.DockerCli   :  Container postgres_container  Created
2025-05-20T15:19:26.805Z  INFO 5881 --- [OutputReader-stderr] o.s.boot.docker.compose.core.DockerCli   :  Container postgres_container  Starting
2025-05-20T15:19:28.964Z  INFO 5881 --- [OutputReader-stderr] o.s.boot.docker.compose.core.DockerCli   :  Container postgres_container  Started
2025-05-20T15:19:28.964Z  INFO 5881 --- [OutputReader-stderr] o.s.boot.docker.compose.core.DockerCli   :  Container postgres_container  Waiting
2025-05-20T15:19:29.472Z  INFO 5881 --- [OutputReader-stderr] o.s.boot.docker.compose.core.DockerCli   :  Container postgres_container  Healthy
2025-05-20T15:19:36.678Z  INFO 5881 --- [restartedMain] .s.d.r.c.RepositoryConfigurationDelegate : Bootstrapping Spring Data JPA repositories in DEFAULT mode.
2025-05-20T15:19:37.067Z  INFO 5881 --- [restartedMain] .s.d.r.c.RepositoryConfigurationDelegate : Finished Spring Data repository scanning in 336 ms. Found 4 JPA repository interfaces.
2025-05-20T15:19:39.173Z  INFO 5881 --- [restartedMain] o.s.b.w.embedded.tomcat.TomcatWebServer  : Tomcat initialized with port 8080 (http)
2025-05-20T15:19:39.220Z  INFO 5881 --- [restartedMain] o.apache.catalina.core.StandardService   : Starting service [Tomcat]
2025-05-20T15:19:39.220Z  INFO 5881 --- [restartedMain] o.apache.catalina.core.StandardEngine    : Starting Servlet engine: [Apache Tomcat/10.1.17]
2025-05-20T15:19:39.358Z  INFO 5881 --- [restartedMain] o.a.c.c.C.[Tomcat].[localhost].[/]       : Initializing Spring embedded WebApplicationContext
2025-05-20T15:19:39.361Z  INFO 5881 --- [restartedMain] w.s.c.ServletWebServerApplicationContext : Root WebApplicationContext: initialization completed in 5532 ms
2025-05-20T15:19:39.450Z DEBUG 5881 --- [restartedMain] o.s.b.w.s.ServletContextInitializerBeans : Mapping filters: characterEncodingFilter urls=[/*] order=-2147483648, formContentFilter urls=[/*] order=-9900, requestContextFilter urls=[/*] order=-105
2025-05-20T15:19:39.453Z DEBUG 5881 --- [restartedMain] o.s.b.w.s.ServletContextInitializerBeans : Mapping servlets: dispatcherServlet urls=[/]
2025-05-20T15:19:39.982Z  INFO 5881 --- [restartedMain] o.hibernate.jpa.internal.util.LogHelper  : HHH000204: Processing PersistenceUnitInfo [name: default]
2025-05-20T15:19:40.115Z  INFO 5881 --- [restartedMain] org.hibernate.Version                    : HHH000412: Hibernate ORM core version 6.4.1.Final
2025-05-20T15:19:40.218Z  INFO 5881 --- [restartedMain] o.h.c.internal.RegionFactoryInitiator    : HHH000026: Second-level cache disabled
2025-05-20T15:19:41.221Z  INFO 5881 --- [restartedMain] o.s.o.j.p.SpringPersistenceUnitInfo      : No LoadTimeWeaver setup: ignoring JPA class transformer
2025-05-20T15:19:41.375Z  INFO 5881 --- [restartedMain] com.zaxxer.hikari.HikariDataSource       : HikariPool-1 - Starting...
2025-05-20T15:19:41.929Z  INFO 5881 --- [restartedMain] com.zaxxer.hikari.pool.HikariPool        : HikariPool-1 - Added connection org.postgresql.jdbc.PgConnection@6c031b1f
2025-05-20T15:19:41.934Z  INFO 5881 --- [restartedMain] com.zaxxer.hikari.HikariDataSource       : HikariPool-1 - Start completed.
2025-05-20T15:19:45.205Z  INFO 5881 --- [restartedMain] o.h.e.t.j.p.i.JtaPlatformInitiator       : HHH000489: No JTA platform available (set 'hibernate.transaction.jta.platform' to enable JTA platform integration)
2025-05-20T15:19:45.251Z DEBUG 5881 --- [restartedMain] org.hibernate.SQL                        : alter table if exists public.employee_role drop constraint if exists FKo7rvk7ejtx29vru9cyhf7o68a
2025-05-20T15:19:45.277Z  WARN 5881 --- [restartedMain] o.h.engine.jdbc.spi.SqlExceptionHelper   : SQL Warning Code: 0, SQLState: 00000
2025-05-20T15:19:45.278Z  WARN 5881 --- [restartedMain] o.h.engine.jdbc.spi.SqlExceptionHelper   : relation "employee_role" does not exist, skipping
2025-05-20T15:19:45.279Z DEBUG 5881 --- [restartedMain] org.hibernate.SQL                        : alter table if exists public.employee_role drop constraint if exists FK7jol9jrbtlt6ctiehegh6besp
2025-05-20T15:19:45.289Z  WARN 5881 --- [restartedMain] o.h.engine.jdbc.spi.SqlExceptionHelper   : SQL Warning Code: 0, SQLState: 00000
2025-05-20T15:19:45.290Z  WARN 5881 --- [restartedMain] o.h.engine.jdbc.spi.SqlExceptionHelper   : relation "employee_role" does not exist, skipping
2025-05-20T15:19:45.292Z DEBUG 5881 --- [restartedMain] org.hibernate.SQL                        : alter table if exists public.employee_vaccine drop constraint if exists FKn9flg2v6mhpryqjmf6ftyf2c5
2025-05-20T15:19:45.301Z  WARN 5881 --- [restartedMain] o.h.engine.jdbc.spi.SqlExceptionHelper   : SQL Warning Code: 0, SQLState: 00000
2025-05-20T15:19:45.304Z  WARN 5881 --- [restartedMain] o.h.engine.jdbc.spi.SqlExceptionHelper   : relation "employee_vaccine" does not exist, skipping
2025-05-20T15:19:45.304Z DEBUG 5881 --- [restartedMain] org.hibernate.SQL                        : alter table if exists public.employee_vaccine drop constraint if exists FKgbcyxesx6vuma0v5im5q72e07
2025-05-20T15:19:45.316Z  WARN 5881 --- [restartedMain] o.h.engine.jdbc.spi.SqlExceptionHelper   : SQL Warning Code: 0, SQLState: 00000
2025-05-20T15:19:45.317Z  WARN 5881 --- [restartedMain] o.h.engine.jdbc.spi.SqlExceptionHelper   : relation "employee_vaccine" does not exist, skipping
2025-05-20T15:19:45.317Z DEBUG 5881 --- [restartedMain] org.hibernate.SQL                        : drop table if exists public.employee cascade
2025-05-20T15:19:45.326Z  WARN 5881 --- [restartedMain] o.h.engine.jdbc.spi.SqlExceptionHelper   : SQL Warning Code: 0, SQLState: 00000
2025-05-20T15:19:45.326Z  WARN 5881 --- [restartedMain] o.h.engine.jdbc.spi.SqlExceptionHelper   : table "employee" does not exist, skipping
2025-05-20T15:19:45.326Z DEBUG 5881 --- [restartedMain] org.hibernate.SQL                        : drop table if exists public.employee_role cascade
2025-05-20T15:19:45.337Z  WARN 5881 --- [restartedMain] o.h.engine.jdbc.spi.SqlExceptionHelper   : SQL Warning Code: 0, SQLState: 00000
2025-05-20T15:19:45.341Z  WARN 5881 --- [restartedMain] o.h.engine.jdbc.spi.SqlExceptionHelper   : table "employee_role" does not exist, skipping
2025-05-20T15:19:45.341Z DEBUG 5881 --- [restartedMain] org.hibernate.SQL                        : drop table if exists public.employee_vaccine cascade
2025-05-20T15:19:45.348Z  WARN 5881 --- [restartedMain] o.h.engine.jdbc.spi.SqlExceptionHelper   : SQL Warning Code: 0, SQLState: 00000
2025-05-20T15:19:45.348Z  WARN 5881 --- [restartedMain] o.h.engine.jdbc.spi.SqlExceptionHelper   : table "employee_vaccine" does not exist, skipping
2025-05-20T15:19:45.349Z DEBUG 5881 --- [restartedMain] org.hibernate.SQL                        : drop table if exists public.role cascade
2025-05-20T15:19:45.357Z  WARN 5881 --- [restartedMain] o.h.engine.jdbc.spi.SqlExceptionHelper   : SQL Warning Code: 0, SQLState: 00000
2025-05-20T15:19:45.359Z  WARN 5881 --- [restartedMain] o.h.engine.jdbc.spi.SqlExceptionHelper   : table "role" does not exist, skipping
2025-05-20T15:19:45.360Z DEBUG 5881 --- [restartedMain] org.hibernate.SQL                        : drop table if exists public.vaccine cascade
2025-05-20T15:19:45.365Z  WARN 5881 --- [restartedMain] o.h.engine.jdbc.spi.SqlExceptionHelper   : SQL Warning Code: 0, SQLState: 00000
2025-05-20T15:19:45.366Z  WARN 5881 --- [restartedMain] o.h.engine.jdbc.spi.SqlExceptionHelper   : table "vaccine" does not exist, skipping
2025-05-20T15:19:45.427Z DEBUG 5881 --- [restartedMain] org.hibernate.SQL                        : create table public.employee (birth_date date, registration_complete boolean default false not null, vaccine_application boolean default false not null, id bigserial not null, address varchar(50), cell_phone varchar(8), dni varchar(10) not null unique, email varchar(50) not null, first_name varchar(70) not null, last_name varchar(70) not null, password varchar(255) not null, username varchar(40) not null unique, primary key (id))
2025-05-20T15:19:45.457Z DEBUG 5881 --- [restartedMain] org.hibernate.SQL                        : create table public.employee_role (employee_id bigint not null, id bigserial not null, role_id bigint not null, primary key (id))
2025-05-20T15:19:45.474Z DEBUG 5881 --- [restartedMain] org.hibernate.SQL                        : create table public.employee_vaccine (application_date date, applied_dose integer, employee_id bigint not null, id bigserial not null, vaccine_id bigint not null, primary key (id))
2025-05-20T15:19:45.493Z DEBUG 5881 --- [restartedMain] org.hibernate.SQL                        : create table public.role (id bigserial not null, role_name varchar(13) not null unique, primary key (id))
2025-05-20T15:19:45.510Z DEBUG 5881 --- [restartedMain] org.hibernate.SQL                        : create table public.vaccine (dosses integer, id bigserial not null, vaccine_type varchar(30), primary key (id))
2025-05-20T15:19:45.529Z DEBUG 5881 --- [restartedMain] org.hibernate.SQL                        : alter table if exists public.employee_role add constraint FKo7rvk7ejtx29vru9cyhf7o68a foreign key (employee_id) references public.employee
2025-05-20T15:19:45.547Z DEBUG 5881 --- [restartedMain] org.hibernate.SQL                        : alter table if exists public.employee_role add constraint FK7jol9jrbtlt6ctiehegh6besp foreign key (role_id) references public.role
2025-05-20T15:19:45.567Z DEBUG 5881 --- [restartedMain] org.hibernate.SQL                        : alter table if exists public.employee_vaccine add constraint FKn9flg2v6mhpryqjmf6ftyf2c5 foreign key (employee_id) references public.employee
2025-05-20T15:19:45.577Z DEBUG 5881 --- [restartedMain] org.hibernate.SQL                        : alter table if exists public.employee_vaccine add constraint FKgbcyxesx6vuma0v5im5q72e07 foreign key (vaccine_id) references public.vaccine
2025-05-20T15:19:45.594Z DEBUG 5881 --- [restartedMain] org.hibernate.SQL                        : insert into vaccine(dosses, vaccine_type) values (2,'Sputnik')
2025-05-20T15:19:45.601Z DEBUG 5881 --- [restartedMain] org.hibernate.SQL                        : insert into vaccine(dosses, vaccine_type) values (2,'AstraZeneca')
2025-05-20T15:19:45.608Z DEBUG 5881 --- [restartedMain] org.hibernate.SQL                        : insert into vaccine(dosses, vaccine_type) values (2,'Pfizer')
2025-05-20T15:19:45.620Z DEBUG 5881 --- [restartedMain] org.hibernate.SQL                        : insert into vaccine(dosses, vaccine_type) values (1,'Jhonson&Jhonson')
2025-05-20T15:19:45.626Z DEBUG 5881 --- [restartedMain] org.hibernate.SQL                        : insert into role(role_name) values('Administrator')
2025-05-20T15:19:45.634Z DEBUG 5881 --- [restartedMain] org.hibernate.SQL                        : insert into role(role_name) values('Employee')
2025-05-20T15:19:45.658Z  INFO 5881 --- [restartedMain] j.LocalContainerEntityManagerFactoryBean : Initialized JPA EntityManagerFactory for persistence unit 'default'
2025-05-20T15:19:47.653Z  WARN 5881 --- [restartedMain] JpaBaseConfiguration$JpaWebConfiguration : spring.jpa.open-in-view is enabled by default. Therefore, database queries may be performed during view rendering. Explicitly configure spring.jpa.open-in-view to disable this warning
2025-05-20T15:19:47.978Z TRACE 5881 --- [restartedMain] s.w.s.m.m.a.RequestMappingHandlerMapping : 
	c.i.c.w.c.EmployeeController:
	{POST [/api/v2/employee/register]}: createEmployee(EmployeeRegisterRequest,BindingResult)
	{PUT [/api/v2/employee/update/{id}]}: updateEmployeeForAdmin(EmployeeUpdateRequest,BindingResult,Long)
	{GET [/api/v2/employee/employees]}: indexEmployees(int,int)
	{DELETE [/api/v2/employee/delete/{id}]}: deleteEmployeeRegistered(Long)
	{GET [/api/v2/employee/employee/{id}]}: getEmployeeById(Long)
2025-05-20T15:19:48.014Z TRACE 5881 --- [restartedMain] s.w.s.m.m.a.RequestMappingHandlerMapping : 
	c.i.c.w.c.VaccineController:
	{GET [/api/v2/vaccine/index]}: index()
2025-05-20T15:19:48.023Z TRACE 5881 --- [restartedMain] s.w.s.m.m.a.RequestMappingHandlerMapping : 
	o.s.b.a.w.s.e.BasicErrorController:
	{ [/error], produces [text/html]}: errorHtml(HttpServletRequest,HttpServletResponse)
	{ [/error]}: error(HttpServletRequest)
2025-05-20T15:19:48.034Z DEBUG 5881 --- [restartedMain] s.w.s.m.m.a.RequestMappingHandlerMapping : 8 mappings in 'requestMappingHandlerMapping'
2025-05-20T15:19:48.114Z DEBUG 5881 --- [restartedMain] o.s.w.s.h.BeanNameUrlHandlerMapping      : Detected 0 mappings in 'beanNameHandlerMapping'
2025-05-20T15:19:48.366Z TRACE 5881 --- [restartedMain] o.s.w.s.f.support.RouterFunctionMapping  : 0 RouterFunction(s) in 'routerFunctionMapping'
2025-05-20T15:19:48.400Z TRACE 5881 --- [restartedMain] o.s.w.s.handler.SimpleUrlHandlerMapping  : Mapped [/webjars/**] onto ResourceHttpRequestHandler [classpath [META-INF/resources/webjars/]]
2025-05-20T15:19:48.400Z TRACE 5881 --- [restartedMain] o.s.w.s.handler.SimpleUrlHandlerMapping  : Mapped [/**] onto ResourceHttpRequestHandler [classpath [META-INF/resources/], classpath [resources/], classpath [static/], classpath [public/], ServletContext [/]]
2025-05-20T15:19:48.402Z DEBUG 5881 --- [restartedMain] o.s.w.s.handler.SimpleUrlHandlerMapping  : Patterns [/webjars/**, /**] in 'resourceHandlerMapping'
2025-05-20T15:19:48.560Z DEBUG 5881 --- [restartedMain] s.w.s.m.m.a.RequestMappingHandlerAdapter : ControllerAdvice beans: 0 @ModelAttribute, 0 @InitBinder, 1 RequestBodyAdvice, 1 ResponseBodyAdvice
2025-05-20T15:19:48.665Z DEBUG 5881 --- [restartedMain] .m.m.a.ExceptionHandlerExceptionResolver : ControllerAdvice beans: 0 @ExceptionHandler, 1 ResponseBodyAdvice
2025-05-20T15:19:49.161Z  INFO 5881 --- [restartedMain] o.s.b.d.a.OptionalLiveReloadServer       : LiveReload server is running on port 35729
2025-05-20T15:19:49.256Z  INFO 5881 --- [restartedMain] o.s.b.w.embedded.tomcat.TomcatWebServer  : Tomcat started on port 8080 (http) with context path ''
2025-05-20T15:19:49.287Z  INFO 5881 --- [restartedMain] c.i.covid.InventarioCovidApplication     : Started InventarioCovidApplication in 58.842 seconds (process running for 61.215)
2025-05-20T15:19:51.508Z  INFO 5881 --- [http-nio-8080-exec-1] o.a.c.c.C.[Tomcat].[localhost].[/]       : Initializing Spring DispatcherServlet 'dispatcherServlet'
2025-05-20T15:19:51.510Z  INFO 5881 --- [http-nio-8080-exec-1] o.s.web.servlet.DispatcherServlet        : Initializing Servlet 'dispatcherServlet'
2025-05-20T15:19:51.511Z TRACE 5881 --- [http-nio-8080-exec-1] o.s.web.servlet.DispatcherServlet        : Detected org.springframework.web.multipart.support.StandardServletMultipartResolver@545ec21c
2025-05-20T15:19:51.511Z TRACE 5881 --- [http-nio-8080-exec-1] o.s.web.servlet.DispatcherServlet        : Detected org.springframework.web.servlet.i18n.AcceptHeaderLocaleResolver@6e07707e
2025-05-20T15:19:51.511Z TRACE 5881 --- [http-nio-8080-exec-1] o.s.web.servlet.DispatcherServlet        : Detected org.springframework.web.servlet.theme.FixedThemeResolver@26ee5ce9
2025-05-20T15:19:51.516Z TRACE 5881 --- [http-nio-8080-exec-1] o.s.web.servlet.DispatcherServlet        : Detected DefaultRequestToViewNameTranslator
2025-05-20T15:19:51.516Z TRACE 5881 --- [http-nio-8080-exec-1] o.s.web.servlet.DispatcherServlet        : Detected SessionFlashMapManager
2025-05-20T15:19:51.521Z DEBUG 5881 --- [http-nio-8080-exec-1] o.s.web.servlet.DispatcherServlet        : enableLoggingRequestDetails='true': request parameters and headers will be shown which may lead to unsafe logging of potentially sensitive data
2025-05-20T15:19:51.521Z  INFO 5881 --- [http-nio-8080-exec-1] o.s.web.servlet.DispatcherServlet        : Completed initialization in 10 ms
2025-05-20T15:19:51.566Z TRACE 5881 --- [http-nio-8080-exec-1] o.s.web.servlet.DispatcherServlet        : GET "/", parameters={}, headers={host:[127.0.0.1:8080], user-agent:[Mozilla/5.0 (X11; Linux x86_64) AppleWebKit/537.36 (KHTML, like Gecko) Chrome/138.0.0.0 Safari/537.36 Edg/138.0.0.0], accept:[text/html,application/xhtml+xml,application/xml;q=0.9,image/avif,image/webp,image/apng,*/*;q=0.8,application/signed-exchange;v=b3;q=0.7], accept-encoding:[gzip, deflate, br, zstd], accept-language:[es,en-US;q=0.9,en;q=0.8,es-ES;q=0.7], priority:[u=0, i], referer:[https://studio.firebase.google.com/], sec-ch-ua:["Not)A;Brand";v="8", "Chromium";v="138", "Microsoft Edge";v="138"], sec-ch-ua-arch:["x86"], sec-ch-ua-bitness:["64"], sec-ch-ua-form-factors:["Desktop"], sec-ch-ua-full-version:["138.0.3309.2"], sec-ch-ua-full-version-list:["Not)A;Brand";v="8.0.0.0", "Chromium";v="138.0.7164.0", "Microsoft Edge";v="138.0.3309.2"], sec-ch-ua-mobile:[?0], sec-ch-ua-model:[""], sec-ch-ua-platform:["Linux"], sec-ch-ua-platform-version:["6.14.6"], sec-ch-ua-wow64:[?0], sec-fetch-dest:[iframe], sec-fetch-mode:[navigate], sec-fetch-site:[cross-site], sec-fetch-storage-access:[active], sec-user-ip:[10.20.20.212], upgrade-insecure-requests:[1], x-forwarded-host:[8080-idx-covidinventory-1744346339793.cluster-etsqrqvqyvd4erxx7qq32imrjk.cloudworkstations.dev], x-goog-workstations-endpoint:[workstations-7989668c-47c6-4ce4-93ae-f9f012691f12.southamerica-west1-b.c.monospace-5.internal.:980]} in DispatcherServlet 'dispatcherServlet'
2025-05-20T15:19:51.596Z TRACE 5881 --- [http-nio-8080-exec-1] o.s.w.s.handler.SimpleUrlHandlerMapping  : Mapped to HandlerExecutionChain with [ResourceHttpRequestHandler [classpath [META-INF/resources/], classpath [resources/], classpath [static/], classpath [public/], ServletContext [/]]] and 4 interceptors
2025-05-20T15:19:51.626Z DEBUG 5881 --- [http-nio-8080-exec-1] o.s.w.s.r.ResourceHttpRequestHandler     : Resource not found
2025-05-20T15:19:51.653Z DEBUG 5881 --- [http-nio-8080-exec-1] .w.s.m.s.DefaultHandlerExceptionResolver : Resolved [org.springframework.web.servlet.resource.NoResourceFoundException: No static resource .]
2025-05-20T15:19:51.654Z TRACE 5881 --- [http-nio-8080-exec-1] o.s.web.servlet.DispatcherServlet        : No view rendering, null ModelAndView returned.
2025-05-20T15:19:51.664Z DEBUG 5881 --- [http-nio-8080-exec-1] o.s.web.servlet.DispatcherServlet        : Completed 404 NOT_FOUND, headers={Vary:[Origin, Access-Control-Request-Method, Access-Control-Request-Headers], Vary:[Origin, Access-Control-Request-Method, Access-Control-Request-Headers], Vary:[Origin, Access-Control-Request-Method, Access-Control-Request-Headers]}
2025-05-20T15:19:51.718Z TRACE 5881 --- [http-nio-8080-exec-1] o.s.web.servlet.DispatcherServlet        : "ERROR" dispatch for GET "/error", parameters={}, headers={host:[127.0.0.1:8080], user-agent:[Mozilla/5.0 (X11; Linux x86_64) AppleWebKit/537.36 (KHTML, like Gecko) Chrome/138.0.0.0 Safari/537.36 Edg/138.0.0.0], accept:[text/html,application/xhtml+xml,application/xml;q=0.9,image/avif,image/webp,image/apng,*/*;q=0.8,application/signed-exchange;v=b3;q=0.7], accept-encoding:[gzip, deflate, br, zstd], accept-language:[es,en-US;q=0.9,en;q=0.8,es-ES;q=0.7], priority:[u=0, i], referer:[https://studio.firebase.google.com/], sec-ch-ua:["Not)A;Brand";v="8", "Chromium";v="138", "Microsoft Edge";v="138"], sec-ch-ua-arch:["x86"], sec-ch-ua-bitness:["64"], sec-ch-ua-form-factors:["Desktop"], sec-ch-ua-full-version:["138.0.3309.2"], sec-ch-ua-full-version-list:["Not)A;Brand";v="8.0.0.0", "Chromium";v="138.0.7164.0", "Microsoft Edge";v="138.0.3309.2"], sec-ch-ua-mobile:[?0], sec-ch-ua-model:[""], sec-ch-ua-platform:["Linux"], sec-ch-ua-platform-version:["6.14.6"], sec-ch-ua-wow64:[?0], sec-fetch-dest:[iframe], sec-fetch-mode:[navigate], sec-fetch-site:[cross-site], sec-fetch-storage-access:[active], sec-user-ip:[10.20.20.212], upgrade-insecure-requests:[1], x-forwarded-host:[8080-idx-covidinventory-1744346339793.cluster-etsqrqvqyvd4erxx7qq32imrjk.cloudworkstations.dev], x-goog-workstations-endpoint:[workstations-7989668c-47c6-4ce4-93ae-f9f012691f12.southamerica-west1-b.c.monospace-5.internal.:980]} in DispatcherServlet 'dispatcherServlet'
2025-05-20T15:19:51.731Z TRACE 5881 --- [http-nio-8080-exec-1] s.w.s.m.m.a.RequestMappingHandlerMapping : 2 matching mappings: [{ [/error], produces [text/html]}, { [/error]}]
2025-05-20T15:19:51.741Z TRACE 5881 --- [http-nio-8080-exec-1] s.w.s.m.m.a.RequestMappingHandlerMapping : Mapped to org.springframework.boot.autoconfigure.web.servlet.error.BasicErrorController#errorHtml(HttpServletRequest, HttpServletResponse)
2025-05-20T15:19:51.822Z TRACE 5881 --- [http-nio-8080-exec-1] o.s.web.method.HandlerMethod             : Arguments: [org.apache.catalina.core.ApplicationHttpRequest@3f1456a6, org.apache.catalina.connector.ResponseFacade@58cdee10]
2025-05-20T15:19:51.843Z TRACE 5881 --- [http-nio-8080-exec-1] s.w.s.m.m.a.RequestMappingHandlerAdapter : Applying default cacheSeconds=-1
2025-05-20T15:19:51.867Z DEBUG 5881 --- [http-nio-8080-exec-1] o.s.w.s.v.ContentNegotiatingViewResolver : Selected 'text/html' given [text/html, text/html;q=0.8]
2025-05-20T15:19:51.867Z TRACE 5881 --- [http-nio-8080-exec-1] o.s.web.servlet.DispatcherServlet        : Rendering view [org.springframework.boot.autoconfigure.web.servlet.error.ErrorMvcAutoConfiguration$StaticView@5eefbc2d] 
2025-05-20T15:19:51.888Z DEBUG 5881 --- [http-nio-8080-exec-1] o.s.web.servlet.DispatcherServlet        : Exiting from "ERROR" dispatch, status 404, headers={Vary:[Origin, Access-Control-Request-Method, Access-Control-Request-Headers], Vary:[Origin, Access-Control-Request-Method, Access-Control-Request-Headers], Vary:[Origin, Access-Control-Request-Method, Access-Control-Request-Headers]}
2025-05-20T21:52:40.314Z  INFO 4800 --- [restartedMain] c.i.covid.InventarioCovidApplication     : Starting InventarioCovidApplication using Java 21.0.3 with PID 4800 (/home/user/CovidInventory/build/classes/java/main started by user in /home/user/CovidInventory)
2025-05-20T21:52:40.318Z  INFO 4800 --- [restartedMain] c.i.covid.InventarioCovidApplication     : No active profile set, falling back to 1 default profile: "default"
2025-05-20T21:52:40.448Z  INFO 4800 --- [restartedMain] .e.DevToolsPropertyDefaultsPostProcessor : Devtools property defaults active! Set 'spring.devtools.add-properties' to 'false' to disable
2025-05-20T21:52:40.505Z  INFO 4800 --- [restartedMain] .s.b.d.c.l.DockerComposeLifecycleManager : Using Docker Compose file '/home/user/CovidInventory/compose.yaml'
2025-05-20T21:52:42.569Z  INFO 4800 --- [restartedMain] .s.b.d.c.l.DockerComposeLifecycleManager : There are already Docker Compose services running, skipping startup
2025-05-20T21:52:43.384Z  INFO 4800 --- [restartedMain] .s.d.r.c.RepositoryConfigurationDelegate : Bootstrapping Spring Data JPA repositories in DEFAULT mode.
2025-05-20T21:52:43.518Z  INFO 4800 --- [restartedMain] .s.d.r.c.RepositoryConfigurationDelegate : Finished Spring Data repository scanning in 120 ms. Found 4 JPA repository interfaces.
2025-05-20T21:52:44.286Z  INFO 4800 --- [restartedMain] o.s.b.w.embedded.tomcat.TomcatWebServer  : Tomcat initialized with port 8080 (http)
2025-05-20T21:52:44.319Z  INFO 4800 --- [restartedMain] o.apache.catalina.core.StandardService   : Starting service [Tomcat]
2025-05-20T21:52:44.322Z  INFO 4800 --- [restartedMain] o.apache.catalina.core.StandardEngine    : Starting Servlet engine: [Apache Tomcat/10.1.17]
2025-05-20T21:52:44.383Z  INFO 4800 --- [restartedMain] o.a.c.c.C.[Tomcat].[localhost].[/]       : Initializing Spring embedded WebApplicationContext
2025-05-20T21:52:44.386Z  INFO 4800 --- [restartedMain] w.s.c.ServletWebServerApplicationContext : Root WebApplicationContext: initialization completed in 1804 ms
2025-05-20T21:52:44.417Z DEBUG 4800 --- [restartedMain] o.s.b.w.s.ServletContextInitializerBeans : Mapping filters: characterEncodingFilter urls=[/*] order=-2147483648, formContentFilter urls=[/*] order=-9900, requestContextFilter urls=[/*] order=-105
2025-05-20T21:52:44.418Z DEBUG 4800 --- [restartedMain] o.s.b.w.s.ServletContextInitializerBeans : Mapping servlets: dispatcherServlet urls=[/]
2025-05-20T21:52:44.656Z  INFO 4800 --- [restartedMain] o.hibernate.jpa.internal.util.LogHelper  : HHH000204: Processing PersistenceUnitInfo [name: default]
2025-05-20T21:52:44.719Z  INFO 4800 --- [restartedMain] org.hibernate.Version                    : HHH000412: Hibernate ORM core version 6.4.1.Final
2025-05-20T21:52:44.758Z  INFO 4800 --- [restartedMain] o.h.c.internal.RegionFactoryInitiator    : HHH000026: Second-level cache disabled
2025-05-20T21:52:45.074Z  INFO 4800 --- [restartedMain] o.s.o.j.p.SpringPersistenceUnitInfo      : No LoadTimeWeaver setup: ignoring JPA class transformer
2025-05-20T21:52:45.119Z  INFO 4800 --- [restartedMain] com.zaxxer.hikari.HikariDataSource       : HikariPool-1 - Starting...
2025-05-20T21:52:45.751Z  INFO 4800 --- [restartedMain] com.zaxxer.hikari.pool.HikariPool        : HikariPool-1 - Added connection org.postgresql.jdbc.PgConnection@5011ccc
2025-05-20T21:52:45.759Z  INFO 4800 --- [restartedMain] com.zaxxer.hikari.HikariDataSource       : HikariPool-1 - Start completed.
2025-05-20T21:52:47.419Z  INFO 4800 --- [restartedMain] o.h.e.t.j.p.i.JtaPlatformInitiator       : HHH000489: No JTA platform available (set 'hibernate.transaction.jta.platform' to enable JTA platform integration)
2025-05-20T21:52:47.444Z DEBUG 4800 --- [restartedMain] org.hibernate.SQL                        : alter table if exists public.employee_role drop constraint if exists FKo7rvk7ejtx29vru9cyhf7o68a
2025-05-20T21:52:47.502Z DEBUG 4800 --- [restartedMain] org.hibernate.SQL                        : alter table if exists public.employee_role drop constraint if exists FK7jol9jrbtlt6ctiehegh6besp
2025-05-20T21:52:47.508Z DEBUG 4800 --- [restartedMain] org.hibernate.SQL                        : alter table if exists public.employee_vaccine drop constraint if exists FKn9flg2v6mhpryqjmf6ftyf2c5
2025-05-20T21:52:47.513Z DEBUG 4800 --- [restartedMain] org.hibernate.SQL                        : alter table if exists public.employee_vaccine drop constraint if exists FKgbcyxesx6vuma0v5im5q72e07
2025-05-20T21:52:47.518Z DEBUG 4800 --- [restartedMain] org.hibernate.SQL                        : drop table if exists public.employee cascade
2025-05-20T21:52:47.548Z DEBUG 4800 --- [restartedMain] org.hibernate.SQL                        : drop table if exists public.employee_role cascade
2025-05-20T21:52:47.555Z DEBUG 4800 --- [restartedMain] org.hibernate.SQL                        : drop table if exists public.employee_vaccine cascade
2025-05-20T21:52:47.564Z DEBUG 4800 --- [restartedMain] org.hibernate.SQL                        : drop table if exists public.role cascade
2025-05-20T21:52:47.570Z DEBUG 4800 --- [restartedMain] org.hibernate.SQL                        : drop table if exists public.vaccine cascade
2025-05-20T21:52:47.591Z DEBUG 4800 --- [restartedMain] org.hibernate.SQL                        : create table public.employee (birth_date date, registration_complete boolean default false not null, vaccine_application boolean default false not null, id bigserial not null, address varchar(50), cell_phone varchar(8), dni varchar(10) not null unique, email varchar(50) not null, first_name varchar(70) not null, last_name varchar(70) not null, password varchar(255) not null, username varchar(40) not null unique, primary key (id))
2025-05-20T21:52:47.637Z DEBUG 4800 --- [restartedMain] org.hibernate.SQL                        : create table public.employee_role (employee_id bigint not null, id bigserial not null, role_id bigint not null, primary key (id))
2025-05-20T21:52:47.644Z DEBUG 4800 --- [restartedMain] org.hibernate.SQL                        : create table public.employee_vaccine (application_date date, applied_dose integer, employee_id bigint not null, id bigserial not null, vaccine_id bigint not null, primary key (id))
2025-05-20T21:52:47.650Z DEBUG 4800 --- [restartedMain] org.hibernate.SQL                        : create table public.role (id bigserial not null, role_name varchar(13) not null unique, primary key (id))
2025-05-20T21:52:47.657Z DEBUG 4800 --- [restartedMain] org.hibernate.SQL                        : create table public.vaccine (dosses integer, id bigserial not null, vaccine_type varchar(30), primary key (id))
2025-05-20T21:52:47.663Z DEBUG 4800 --- [restartedMain] org.hibernate.SQL                        : alter table if exists public.employee_role add constraint FKo7rvk7ejtx29vru9cyhf7o68a foreign key (employee_id) references public.employee
2025-05-20T21:52:47.711Z DEBUG 4800 --- [restartedMain] org.hibernate.SQL                        : alter table if exists public.employee_role add constraint FK7jol9jrbtlt6ctiehegh6besp foreign key (role_id) references public.role
2025-05-20T21:52:47.717Z DEBUG 4800 --- [restartedMain] org.hibernate.SQL                        : alter table if exists public.employee_vaccine add constraint FKn9flg2v6mhpryqjmf6ftyf2c5 foreign key (employee_id) references public.employee
2025-05-20T21:52:47.721Z DEBUG 4800 --- [restartedMain] org.hibernate.SQL                        : alter table if exists public.employee_vaccine add constraint FKgbcyxesx6vuma0v5im5q72e07 foreign key (vaccine_id) references public.vaccine
2025-05-20T21:52:47.728Z DEBUG 4800 --- [restartedMain] org.hibernate.SQL                        : insert into vaccine(dosses, vaccine_type) values (2,'Sputnik')
2025-05-20T21:52:47.732Z DEBUG 4800 --- [restartedMain] org.hibernate.SQL                        : insert into vaccine(dosses, vaccine_type) values (2,'AstraZeneca')
2025-05-20T21:52:47.735Z DEBUG 4800 --- [restartedMain] org.hibernate.SQL                        : insert into vaccine(dosses, vaccine_type) values (2,'Pfizer')
2025-05-20T21:52:47.739Z DEBUG 4800 --- [restartedMain] org.hibernate.SQL                        : insert into vaccine(dosses, vaccine_type) values (1,'Jhonson&Jhonson')
2025-05-20T21:52:47.744Z DEBUG 4800 --- [restartedMain] org.hibernate.SQL                        : insert into role(role_name) values('Administrator')
2025-05-20T21:52:47.748Z DEBUG 4800 --- [restartedMain] org.hibernate.SQL                        : insert into role(role_name) values('Employee')
2025-05-20T21:52:47.763Z  INFO 4800 --- [restartedMain] j.LocalContainerEntityManagerFactoryBean : Initialized JPA EntityManagerFactory for persistence unit 'default'
2025-05-20T21:52:48.414Z  WARN 4800 --- [restartedMain] JpaBaseConfiguration$JpaWebConfiguration : spring.jpa.open-in-view is enabled by default. Therefore, database queries may be performed during view rendering. Explicitly configure spring.jpa.open-in-view to disable this warning
2025-05-20T21:52:48.533Z TRACE 4800 --- [restartedMain] s.w.s.m.m.a.RequestMappingHandlerMapping : 
	c.i.c.w.c.EmployeeController:
	{PUT [/api/v2/employee/update/{id}]}: updateEmployeeForAdmin(EmployeeUpdateRequest,BindingResult,Long)
	{POST [/api/v2/employee/register]}: createEmployee(EmployeeRegisterRequest,BindingResult)
	{GET [/api/v2/employee/employees]}: indexEmployees(int,int)
	{DELETE [/api/v2/employee/delete/{id}]}: deleteEmployeeRegistered(Long)
	{GET [/api/v2/employee/employee/{id}]}: getEmployeeById(Long)
2025-05-20T21:52:48.550Z TRACE 4800 --- [restartedMain] s.w.s.m.m.a.RequestMappingHandlerMapping : 
	c.i.c.w.c.VaccineController:
	{GET [/api/v2/vaccine/index]}: index()
2025-05-20T21:52:48.554Z TRACE 4800 --- [restartedMain] s.w.s.m.m.a.RequestMappingHandlerMapping : 
	o.s.b.a.w.s.e.BasicErrorController:
	{ [/error], produces [text/html]}: errorHtml(HttpServletRequest,HttpServletResponse)
	{ [/error]}: error(HttpServletRequest)
2025-05-20T21:52:48.563Z DEBUG 4800 --- [restartedMain] s.w.s.m.m.a.RequestMappingHandlerMapping : 8 mappings in 'requestMappingHandlerMapping'
2025-05-20T21:52:48.586Z DEBUG 4800 --- [restartedMain] o.s.w.s.h.BeanNameUrlHandlerMapping      : Detected 0 mappings in 'beanNameHandlerMapping'
2025-05-20T21:52:48.685Z TRACE 4800 --- [restartedMain] o.s.w.s.f.support.RouterFunctionMapping  : 0 RouterFunction(s) in 'routerFunctionMapping'
2025-05-20T21:52:48.700Z TRACE 4800 --- [restartedMain] o.s.w.s.handler.SimpleUrlHandlerMapping  : Mapped [/webjars/**] onto ResourceHttpRequestHandler [classpath [META-INF/resources/webjars/]]
2025-05-20T21:52:48.701Z TRACE 4800 --- [restartedMain] o.s.w.s.handler.SimpleUrlHandlerMapping  : Mapped [/**] onto ResourceHttpRequestHandler [classpath [META-INF/resources/], classpath [resources/], classpath [static/], classpath [public/], ServletContext [/]]
2025-05-20T21:52:48.702Z DEBUG 4800 --- [restartedMain] o.s.w.s.handler.SimpleUrlHandlerMapping  : Patterns [/webjars/**, /**] in 'resourceHandlerMapping'
2025-05-20T21:52:48.756Z DEBUG 4800 --- [restartedMain] s.w.s.m.m.a.RequestMappingHandlerAdapter : ControllerAdvice beans: 0 @ModelAttribute, 0 @InitBinder, 1 RequestBodyAdvice, 1 ResponseBodyAdvice
2025-05-20T21:52:48.800Z DEBUG 4800 --- [restartedMain] .m.m.a.ExceptionHandlerExceptionResolver : ControllerAdvice beans: 0 @ExceptionHandler, 1 ResponseBodyAdvice
2025-05-20T21:52:48.944Z  INFO 4800 --- [restartedMain] o.s.b.d.a.OptionalLiveReloadServer       : LiveReload server is running on port 35729
2025-05-20T21:52:48.996Z  INFO 4800 --- [restartedMain] o.s.b.w.embedded.tomcat.TomcatWebServer  : Tomcat started on port 8080 (http) with context path ''
2025-05-20T21:52:49.016Z  INFO 4800 --- [restartedMain] c.i.covid.InventarioCovidApplication     : Started InventarioCovidApplication in 9.406 seconds (process running for 10.119)
2025-05-20T21:52:51.003Z  INFO 4800 --- [http-nio-8080-exec-1] o.a.c.c.C.[Tomcat].[localhost].[/]       : Initializing Spring DispatcherServlet 'dispatcherServlet'
2025-05-20T21:52:51.003Z  INFO 4800 --- [http-nio-8080-exec-1] o.s.web.servlet.DispatcherServlet        : Initializing Servlet 'dispatcherServlet'
2025-05-20T21:52:51.004Z TRACE 4800 --- [http-nio-8080-exec-1] o.s.web.servlet.DispatcherServlet        : Detected org.springframework.web.multipart.support.StandardServletMultipartResolver@74775dae
2025-05-20T21:52:51.004Z TRACE 4800 --- [http-nio-8080-exec-1] o.s.web.servlet.DispatcherServlet        : Detected org.springframework.web.servlet.i18n.AcceptHeaderLocaleResolver@7fe86011
2025-05-20T21:52:51.004Z TRACE 4800 --- [http-nio-8080-exec-1] o.s.web.servlet.DispatcherServlet        : Detected org.springframework.web.servlet.theme.FixedThemeResolver@7329bd2d
2025-05-20T21:52:51.006Z TRACE 4800 --- [http-nio-8080-exec-1] o.s.web.servlet.DispatcherServlet        : Detected DefaultRequestToViewNameTranslator
2025-05-20T21:52:51.007Z TRACE 4800 --- [http-nio-8080-exec-1] o.s.web.servlet.DispatcherServlet        : Detected SessionFlashMapManager
2025-05-20T21:52:51.007Z DEBUG 4800 --- [http-nio-8080-exec-1] o.s.web.servlet.DispatcherServlet        : enableLoggingRequestDetails='true': request parameters and headers will be shown which may lead to unsafe logging of potentially sensitive data
2025-05-20T21:52:51.007Z  INFO 4800 --- [http-nio-8080-exec-1] o.s.web.servlet.DispatcherServlet        : Completed initialization in 4 ms
2025-05-20T21:52:51.022Z TRACE 4800 --- [http-nio-8080-exec-1] o.s.web.servlet.DispatcherServlet        : GET "/", parameters={}, headers={host:[127.0.0.1:8080], user-agent:[Mozilla/5.0 (X11; Linux x86_64) AppleWebKit/537.36 (KHTML, like Gecko) Chrome/138.0.0.0 Safari/537.36 Edg/138.0.0.0], accept:[text/html,application/xhtml+xml,application/xml;q=0.9,image/avif,image/webp,image/apng,*/*;q=0.8,application/signed-exchange;v=b3;q=0.7], accept-encoding:[gzip, deflate, br, zstd], accept-language:[es,en-US;q=0.9,en;q=0.8,es-ES;q=0.7], priority:[u=0, i], referer:[https://studio.firebase.google.com/], sec-ch-ua:["Not)A;Brand";v="8", "Chromium";v="138", "Microsoft Edge";v="138"], sec-ch-ua-arch:["x86"], sec-ch-ua-bitness:["64"], sec-ch-ua-form-factors:["Desktop"], sec-ch-ua-full-version:["138.0.3309.2"], sec-ch-ua-full-version-list:["Not)A;Brand";v="8.0.0.0", "Chromium";v="138.0.7164.0", "Microsoft Edge";v="138.0.3309.2"], sec-ch-ua-mobile:[?0], sec-ch-ua-model:[""], sec-ch-ua-platform:["Linux"], sec-ch-ua-platform-version:["6.14.6"], sec-ch-ua-wow64:[?0], sec-fetch-dest:[iframe], sec-fetch-mode:[navigate], sec-fetch-site:[cross-site], sec-fetch-storage-access:[active], sec-user-ip:[10.20.20.201], upgrade-insecure-requests:[1], x-forwarded-host:[8080-idx-covidinventory-1744346339793.cluster-etsqrqvqyvd4erxx7qq32imrjk.cloudworkstations.dev], x-goog-workstations-endpoint:[workstations-40e1de83-4973-448e-9d95-e5c5d302de5e.southamerica-west1-b.c.monospace-5.internal.:980]} in DispatcherServlet 'dispatcherServlet'
2025-05-20T21:52:51.031Z TRACE 4800 --- [http-nio-8080-exec-1] o.s.w.s.handler.SimpleUrlHandlerMapping  : Mapped to HandlerExecutionChain with [ResourceHttpRequestHandler [classpath [META-INF/resources/], classpath [resources/], classpath [static/], classpath [public/], ServletContext [/]]] and 4 interceptors
2025-05-20T21:52:51.042Z DEBUG 4800 --- [http-nio-8080-exec-1] o.s.w.s.r.ResourceHttpRequestHandler     : Resource not found
2025-05-20T21:52:51.051Z DEBUG 4800 --- [http-nio-8080-exec-1] .w.s.m.s.DefaultHandlerExceptionResolver : Resolved [org.springframework.web.servlet.resource.NoResourceFoundException: No static resource .]
2025-05-20T21:52:51.051Z TRACE 4800 --- [http-nio-8080-exec-1] o.s.web.servlet.DispatcherServlet        : No view rendering, null ModelAndView returned.
2025-05-20T21:52:51.053Z DEBUG 4800 --- [http-nio-8080-exec-1] o.s.web.servlet.DispatcherServlet        : Completed 404 NOT_FOUND, headers={Vary:[Origin, Access-Control-Request-Method, Access-Control-Request-Headers], Vary:[Origin, Access-Control-Request-Method, Access-Control-Request-Headers], Vary:[Origin, Access-Control-Request-Method, Access-Control-Request-Headers]}
2025-05-20T21:52:51.065Z TRACE 4800 --- [http-nio-8080-exec-1] o.s.web.servlet.DispatcherServlet        : "ERROR" dispatch for GET "/error", parameters={}, headers={host:[127.0.0.1:8080], user-agent:[Mozilla/5.0 (X11; Linux x86_64) AppleWebKit/537.36 (KHTML, like Gecko) Chrome/138.0.0.0 Safari/537.36 Edg/138.0.0.0], accept:[text/html,application/xhtml+xml,application/xml;q=0.9,image/avif,image/webp,image/apng,*/*;q=0.8,application/signed-exchange;v=b3;q=0.7], accept-encoding:[gzip, deflate, br, zstd], accept-language:[es,en-US;q=0.9,en;q=0.8,es-ES;q=0.7], priority:[u=0, i], referer:[https://studio.firebase.google.com/], sec-ch-ua:["Not)A;Brand";v="8", "Chromium";v="138", "Microsoft Edge";v="138"], sec-ch-ua-arch:["x86"], sec-ch-ua-bitness:["64"], sec-ch-ua-form-factors:["Desktop"], sec-ch-ua-full-version:["138.0.3309.2"], sec-ch-ua-full-version-list:["Not)A;Brand";v="8.0.0.0", "Chromium";v="138.0.7164.0", "Microsoft Edge";v="138.0.3309.2"], sec-ch-ua-mobile:[?0], sec-ch-ua-model:[""], sec-ch-ua-platform:["Linux"], sec-ch-ua-platform-version:["6.14.6"], sec-ch-ua-wow64:[?0], sec-fetch-dest:[iframe], sec-fetch-mode:[navigate], sec-fetch-site:[cross-site], sec-fetch-storage-access:[active], sec-user-ip:[10.20.20.201], upgrade-insecure-requests:[1], x-forwarded-host:[8080-idx-covidinventory-1744346339793.cluster-etsqrqvqyvd4erxx7qq32imrjk.cloudworkstations.dev], x-goog-workstations-endpoint:[workstations-40e1de83-4973-448e-9d95-e5c5d302de5e.southamerica-west1-b.c.monospace-5.internal.:980]} in DispatcherServlet 'dispatcherServlet'
2025-05-20T21:52:51.067Z TRACE 4800 --- [http-nio-8080-exec-1] s.w.s.m.m.a.RequestMappingHandlerMapping : 2 matching mappings: [{ [/error], produces [text/html]}, { [/error]}]
2025-05-20T21:52:51.069Z TRACE 4800 --- [http-nio-8080-exec-1] s.w.s.m.m.a.RequestMappingHandlerMapping : Mapped to org.springframework.boot.autoconfigure.web.servlet.error.BasicErrorController#errorHtml(HttpServletRequest, HttpServletResponse)
2025-05-20T21:52:51.086Z TRACE 4800 --- [http-nio-8080-exec-1] o.s.web.method.HandlerMethod             : Arguments: [org.apache.catalina.core.ApplicationHttpRequest@2a9f275c, org.apache.catalina.connector.ResponseFacade@330d9d1f]
2025-05-20T21:52:51.106Z TRACE 4800 --- [http-nio-8080-exec-1] s.w.s.m.m.a.RequestMappingHandlerAdapter : Applying default cacheSeconds=-1
2025-05-20T21:52:51.117Z DEBUG 4800 --- [http-nio-8080-exec-1] o.s.w.s.v.ContentNegotiatingViewResolver : Selected 'text/html' given [text/html, text/html;q=0.8]
2025-05-20T21:52:51.117Z TRACE 4800 --- [http-nio-8080-exec-1] o.s.web.servlet.DispatcherServlet        : Rendering view [org.springframework.boot.autoconfigure.web.servlet.error.ErrorMvcAutoConfiguration$StaticView@6b13c9b3] 
2025-05-20T21:52:51.130Z DEBUG 4800 --- [http-nio-8080-exec-1] o.s.web.servlet.DispatcherServlet        : Exiting from "ERROR" dispatch, status 404, headers={Vary:[Origin, Access-Control-Request-Method, Access-Control-Request-Headers], Vary:[Origin, Access-Control-Request-Method, Access-Control-Request-Headers], Vary:[Origin, Access-Control-Request-Method, Access-Control-Request-Headers]}
2025-05-20T21:54:23.246Z  INFO 4800 --- [SpringApplicationShutdownHook] j.LocalContainerEntityManagerFactoryBean : Closing JPA EntityManagerFactory for persistence unit 'default'
2025-05-20T21:54:23.249Z DEBUG 4800 --- [SpringApplicationShutdownHook] org.hibernate.SQL                        : alter table if exists public.employee_role drop constraint if exists FKo7rvk7ejtx29vru9cyhf7o68a
2025-05-20T21:54:23.260Z DEBUG 4800 --- [SpringApplicationShutdownHook] org.hibernate.SQL                        : alter table if exists public.employee_role drop constraint if exists FK7jol9jrbtlt6ctiehegh6besp
2025-05-20T21:54:23.266Z DEBUG 4800 --- [SpringApplicationShutdownHook] org.hibernate.SQL                        : alter table if exists public.employee_vaccine drop constraint if exists FKn9flg2v6mhpryqjmf6ftyf2c5
2025-05-20T21:54:23.272Z DEBUG 4800 --- [SpringApplicationShutdownHook] org.hibernate.SQL                        : alter table if exists public.employee_vaccine drop constraint if exists FKgbcyxesx6vuma0v5im5q72e07
2025-05-20T21:54:23.277Z DEBUG 4800 --- [SpringApplicationShutdownHook] org.hibernate.SQL                        : drop table if exists public.employee cascade
2025-05-20T21:54:23.289Z DEBUG 4800 --- [SpringApplicationShutdownHook] org.hibernate.SQL                        : drop table if exists public.employee_role cascade
2025-05-20T21:54:23.298Z DEBUG 4800 --- [SpringApplicationShutdownHook] org.hibernate.SQL                        : drop table if exists public.employee_vaccine cascade
2025-05-20T21:54:23.308Z DEBUG 4800 --- [SpringApplicationShutdownHook] org.hibernate.SQL                        : drop table if exists public.role cascade
2025-05-20T21:54:23.320Z DEBUG 4800 --- [SpringApplicationShutdownHook] org.hibernate.SQL                        : drop table if exists public.vaccine cascade
2025-05-20T21:54:23.345Z  INFO 4800 --- [SpringApplicationShutdownHook] com.zaxxer.hikari.HikariDataSource       : HikariPool-1 - Shutdown initiated...
2025-05-20T21:54:23.361Z  INFO 4800 --- [SpringApplicationShutdownHook] com.zaxxer.hikari.HikariDataSource       : HikariPool-1 - Shutdown completed.
